Po_nombre,nombre,precio_gemas,categoria
Pokemon_Jennifer_20,Skin_0_culture,163,Legendario
Pokemon_Jennifer_659,Skin_1_pattern,759,Común
Pokemon_Paul_846,Skin_2_wind,892,Épico
Pokemon_Lisa_975,Skin_3_guess,1368,Legendario
Pokemon_Phillip_301,Skin_4_hair,1591,Épico
Pokemon_Daniel_262,Skin_5_run,288,Épico
Pokemon_David_386,Skin_6_member,1127,Común
Pokemon_Zachary_130,Skin_7_best,2369,Legendario
Pokemon_Deanna_861,Skin_8_necessary,1992,Épico
Pokemon_Carlos_990,Skin_9_enough,135,Épico
Pokemon_Alexander_507,Skin_10_actually,556,Legendario
Pokemon_Diamond_863,Skin_11_different,2294,Épico
Pokemon_Julie_855,Skin_12_friend,2066,Común
Pokemon_Michael_911,Skin_13_must,1278,Común
Pokemon_Katelyn_646,Skin_14_particular,425,Épico
Pokemon_Jay_217,Skin_15_behind,2608,Épico
Pokemon_Billy_175,Skin_16_enough,1166,Épico
Pokemon_Sherry_647,Skin_17_defense,2470,Raro
Pokemon_Harold_32,Skin_18_sign,300,Épico
Pokemon_Christopher_82,Skin_19_soon,2673,Épico
Pokemon_Kimberly_194,Skin_20_statement,220,Legendario
Pokemon_Christopher_704,Skin_21_surface,1134,Común
Pokemon_Karen_330,Skin_22_hot,1850,Raro
Pokemon_Kenneth_3,Skin_23_be,1648,Épico
Pokemon_Sabrina_314,Skin_24_style,2053,Común
Pokemon_John_102,Skin_25_red,1559,Épico
Pokemon_Brianna_473,Skin_26_cost,795,Raro
Pokemon_Patricia_120,Skin_27_take,1237,Raro
Pokemon_Kari_356,Skin_28_source,1523,Épico
Pokemon_Rachel_278,Skin_29_summer,1755,Raro
Pokemon_Nicholas_812,Skin_30_behind,689,Raro
Pokemon_Chad_426,Skin_31_of,2894,Legendario
Pokemon_Mark_105,Skin_32_politics,2155,Raro
Pokemon_Frank_86,Skin_33_write,1091,Común
Pokemon_Mark_295,Skin_34_organization,1398,Raro
Pokemon_Amanda_88,Skin_35_suffer,2553,Raro
Pokemon_Amanda_599,Skin_36_civil,1373,Común
Pokemon_Lisa_893,Skin_37_seat,2329,Raro
Pokemon_Mark_295,Skin_38_human,831,Raro
Pokemon_Joseph_592,Skin_39_call,2978,Común
Pokemon_Krista_587,Skin_40_offer,2518,Raro
Pokemon_Judith_417,Skin_41_effort,365,Legendario
Pokemon_Gina_370,Skin_42_life,663,Común
Pokemon_Michael_918,Skin_43_pattern,2773,Común
Pokemon_Susan_532,Skin_44_rate,505,Legendario
Pokemon_Thomas_204,Skin_45_success,2421,Común
Pokemon_Chad_426,Skin_46_son,2836,Común
Pokemon_Curtis_811,Skin_47_senior,1736,Épico
Pokemon_Rachel_278,Skin_48_least,1098,Épico
Pokemon_Kristin_994,Skin_49_you,1883,Épico
Pokemon_Michelle_822,Skin_50_drop,556,Común
Pokemon_Natalie_947,Skin_51_piece,1105,Legendario
Pokemon_Hannah_598,Skin_52_site,1958,Épico
Pokemon_Samantha_759,Skin_53_evening,2579,Raro
Pokemon_Sandra_229,Skin_54_hand,2119,Épico
Pokemon_Jasmine_648,Skin_55_writer,2653,Épico
Pokemon_Joseph_144,Skin_56_feeling,2605,Legendario
Pokemon_Sharon_439,Skin_57_several,1080,Épico
Pokemon_James_712,Skin_58_special,670,Legendario
Pokemon_Joseph_891,Skin_59_actually,1288,Raro
Pokemon_Luke_593,Skin_60_box,2036,Común
Pokemon_Jennifer_755,Skin_61_Mrs,2526,Épico
Pokemon_Sophia_491,Skin_62_future,310,Épico
Pokemon_Annette_807,Skin_63_go,1386,Común
Pokemon_Cory_390,Skin_64_kind,1875,Común
Pokemon_Jay_217,Skin_65_property,2272,Raro
Pokemon_Robert_554,Skin_66_step,109,Épico
Pokemon_Jennifer_755,Skin_67_majority,597,Legendario
Pokemon_Keith_904,Skin_68_mean,199,Épico
Pokemon_Dawn_896,Skin_69_produce,1801,Raro
Pokemon_Amber_58,Skin_70_fish,384,Común
Pokemon_Derek_435,Skin_71_white,2001,Común
Pokemon_Adam_28,Skin_72_administration,1379,Legendario
Pokemon_Joseph_545,Skin_73_drop,2139,Épico
Pokemon_Ryan_9,Skin_74_keep,2900,Legendario
Pokemon_Lindsay_419,Skin_75_today,854,Común
Pokemon_Ashley_179,Skin_76_safe,459,Raro
Pokemon_Darlene_670,Skin_77_right,2534,Común
Pokemon_Selena_799,Skin_78_personal,2056,Legendario
Pokemon_Nicholas_408,Skin_79_read,2040,Común
Pokemon_Michele_603,Skin_80_financial,248,Legendario
Pokemon_David_373,Skin_81_decide,2732,Épico
Pokemon_Daniel_170,Skin_82_common,2453,Común
Pokemon_James_118,Skin_83_feeling,1150,Raro
Pokemon_Thomas_870,Skin_84_painting,2770,Raro
Pokemon_Casey_816,Skin_85_matter,900,Legendario
Pokemon_Krista_594,Skin_86_school,2290,Raro
Pokemon_Michael_815,Skin_87_use,1509,Raro
Pokemon_Marcus_541,Skin_88_would,2284,Raro
Pokemon_Chad_426,Skin_89_support,1714,Común
Pokemon_Zachary_274,Skin_90_company,2527,Épico
Pokemon_Todd_482,Skin_91_left,638,Raro
Pokemon_Kari_803,Skin_92_response,2677,Épico
Pokemon_Lisa_636,Skin_93_wish,227,Común
Pokemon_Timothy_71,Skin_94_become,1384,Épico
Pokemon_Diamond_863,Skin_95_discuss,1448,Común
Pokemon_Jerry_85,Skin_96_assume,1285,Épico
Pokemon_Mark_817,Skin_97_movement,2750,Épico
Pokemon_Victor_219,Skin_98_skin,901,Legendario
Pokemon_Sarah_638,Skin_99_movement,1585,Raro
Pokemon_Sherry_647,Skin_100_type,446,Raro
Pokemon_Mary_787,Skin_101_task,2450,Legendario
Pokemon_Jerry_357,Skin_102_example,758,Épico
Pokemon_Mary_887,Skin_103_born,1713,Común
Pokemon_Lisa_306,Skin_104_network,2754,Raro
Pokemon_Jessica_697,Skin_105_thing,289,Legendario
Pokemon_Sara_938,Skin_106_night,1178,Legendario
Pokemon_James_981,Skin_107_finish,2959,Común
Pokemon_Terri_673,Skin_108_traditional,398,Raro
Pokemon_Cynthia_510,Skin_109_general,958,Épico
Pokemon_Aaron_376,Skin_110_lose,150,Épico
Pokemon_Crystal_273,Skin_111_issue,1229,Legendario
Pokemon_Krista_587,Skin_112_oil,2832,Común
Pokemon_Luis_365,Skin_113_would,1528,Legendario
Pokemon_Cole_213,Skin_114_unit,2963,Común
Pokemon_John_341,Skin_115_four,600,Raro
Pokemon_Clinton_853,Skin_116_among,1311,Común
Pokemon_Allison_185,Skin_117_ball,1437,Legendario
Pokemon_Robin_256,Skin_118_TV,1899,Común
Pokemon_Sabrina_314,Skin_119_page,1468,Épico
Pokemon_Jade_317,Skin_120_produce,922,Común
Pokemon_Andrew_23,Skin_121_may,2426,Épico
Pokemon_Richard_444,Skin_122_arrive,262,Raro
Pokemon_Steven_956,Skin_123_growth,1275,Legendario
Pokemon_Elizabeth_623,Skin_124_early,2318,Común
Pokemon_Anna_703,Skin_125_artist,1128,Legendario
Pokemon_Jason_300,Skin_126_myself,1648,Épico
Pokemon_Casey_816,Skin_127_argue,2939,Común
Pokemon_Nicholas_812,Skin_128_him,1780,Épico
Pokemon_Elizabeth_249,Skin_129_wall,1286,Épico
Pokemon_Cody_808,Skin_130_sound,2890,Legendario
Pokemon_Jasmine_648,Skin_131_those,2361,Común
Pokemon_Ronald_608,Skin_132_light,1398,Raro
Pokemon_Mary_980,Skin_133_chair,2302,Raro
Pokemon_Emily_770,Skin_134_research,2764,Común
Pokemon_Joseph_144,Skin_135_commercial,274,Raro
Pokemon_Melissa_788,Skin_136_why,2363,Común
Pokemon_Kurt_955,Skin_137_reveal,118,Raro
Pokemon_Tammy_25,Skin_138_yeah,148,Legendario
Pokemon_Robert_554,Skin_139_civil,261,Épico
Pokemon_Jessica_697,Skin_140_everyone,1182,Común
Pokemon_Dennis_756,Skin_141_wide,2852,Épico
Pokemon_Leslie_339,Skin_142_somebody,1531,Épico
Pokemon_Fernando_224,Skin_143_his,2289,Raro
Pokemon_Elizabeth_623,Skin_144_lawyer,2843,Legendario
Pokemon_Michele_771,Skin_145_interesting,810,Legendario
Pokemon_Stacy_653,Skin_146_phone,457,Legendario
Pokemon_Jessica_305,Skin_147_center,184,Raro
Pokemon_Stephanie_212,Skin_148_least,1310,Raro
Pokemon_Robert_0,Skin_149_sound,2908,Legendario
Pokemon_Sophia_491,Skin_150_remember,2450,Legendario
Pokemon_Kathleen_862,Skin_151_will,2317,Épico
Pokemon_Lacey_172,Skin_152_water,357,Legendario
Pokemon_James_777,Skin_153_expert,1527,Legendario
Pokemon_Aaron_858,Skin_154_customer,2058,Común
Pokemon_Joseph_141,Skin_155_summer,1333,Épico
Pokemon_Randy_154,Skin_156_ball,817,Legendario
Pokemon_Jessica_318,Skin_157_cultural,1531,Épico
Pokemon_Ashlee_265,Skin_158_meeting,784,Común
Pokemon_April_570,Skin_159_care,2048,Legendario
Pokemon_Javier_45,Skin_160_sense,2054,Épico
Pokemon_Raymond_283,Skin_161_explain,856,Épico
Pokemon_James_719,Skin_162_argue,1862,Épico
Pokemon_Lindsay_42,Skin_163_cultural,484,Común
Pokemon_Nathaniel_475,Skin_164_do,1641,Épico
Pokemon_Laura_637,Skin_165_south,480,Común
Pokemon_Kayla_240,Skin_166_receive,1731,Común
Pokemon_Leah_880,Skin_167_picture,1919,Épico
Pokemon_Peter_325,Skin_168_product,2752,Raro
Pokemon_Robert_884,Skin_169_start,2313,Legendario
Pokemon_Daniel_415,Skin_170_power,1023,Legendario
Pokemon_Amy_962,Skin_171_money,915,Común
Pokemon_Jesse_643,Skin_172_strong,1963,Épico
Pokemon_Joseph_557,Skin_173_analysis,2440,Épico
Pokemon_Christina_380,Skin_174_every,1271,Épico
Pokemon_Cory_390,Skin_175_large,1651,Épico
Pokemon_Daniel_254,Skin_176_forward,1756,Común
Pokemon_Tiffany_181,Skin_177_determine,471,Legendario
Pokemon_Luis_174,Skin_178_enjoy,2321,Épico
Pokemon_Amber_58,Skin_179_herself,1218,Común
Pokemon_Ashley_350,Skin_180_could,354,Legendario
Pokemon_Erik_234,Skin_181_avoid,513,Común
Pokemon_Wendy_835,Skin_182_draw,1925,Raro
Pokemon_Connie_281,Skin_183_enter,2955,Común
Pokemon_Adam_800,Skin_184_statement,1307,Épico
Pokemon_Mackenzie_534,Skin_185_though,2364,Raro
Pokemon_Eric_331,Skin_186_his,1055,Raro
Pokemon_Lisa_975,Skin_187_no,2849,Común
Pokemon_John_263,Skin_188_I,982,Legendario
Pokemon_Jessica_731,Skin_189_fill,139,Común
Pokemon_Jose_869,Skin_190_military,1283,Épico
Pokemon_Wayne_309,Skin_191_life,2287,Épico
Pokemon_Jennifer_20,Skin_192_move,2274,Épico
Pokemon_Krystal_99,Skin_193_key,727,Raro
Pokemon_Michael_815,Skin_194_tend,418,Épico
Pokemon_Derek_435,Skin_195_rise,1468,Raro
Pokemon_Mark_555,Skin_196_several,2576,Épico
Pokemon_Angel_410,Skin_197_north,1291,Raro
Pokemon_Robert_101,Skin_198_offer,514,Raro
Pokemon_April_89,Skin_199_since,2361,Épico
Pokemon_Michael_486,Skin_200_record,2837,Épico
Pokemon_Shelby_29,Skin_201_this,2524,Legendario
Pokemon_Jessica_305,Skin_202_address,178,Legendario
Pokemon_Jonathan_747,Skin_203_sing,357,Común
Pokemon_Matthew_743,Skin_204_only,2967,Común
Pokemon_Margaret_362,Skin_205_available,2938,Épico
Pokemon_Stephanie_100,Skin_206_provide,387,Común
Pokemon_Timothy_143,Skin_207_wrong,1739,Raro
Pokemon_Jennifer_457,Skin_208_board,2285,Legendario
Pokemon_Melinda_236,Skin_209_appear,2616,Raro
Pokemon_Mark_518,Skin_210_probably,2853,Raro
Pokemon_Jenna_691,Skin_211_appear,224,Raro
Pokemon_Charlene_536,Skin_212_ask,2941,Raro
Pokemon_Jose_474,Skin_213_far,2999,Épico
Pokemon_Jesus_403,Skin_214_series,155,Común
Pokemon_Marco_655,Skin_215_realize,678,Legendario
Pokemon_William_778,Skin_216_case,2934,Raro
Pokemon_Frank_53,Skin_217_others,965,Común
Pokemon_Ashley_350,Skin_218_represent,2831,Épico
Pokemon_Chad_515,Skin_219_eight,369,Épico
Pokemon_Nicole_35,Skin_220_agent,1962,Épico
Pokemon_Holly_752,Skin_221_ready,2371,Legendario
Pokemon_Jennifer_729,Skin_222_entire,705,Épico
Pokemon_Heather_112,Skin_223_always,1190,Raro
Pokemon_Peggy_774,Skin_224_left,1175,Épico
Pokemon_Charles_160,Skin_225_save,412,Raro
Pokemon_Alexandra_522,Skin_226_allow,2157,Raro
Pokemon_Linda_832,Skin_227_worker,819,Raro
Pokemon_Eileen_989,Skin_228_learn,1152,Legendario
Pokemon_Lonnie_634,Skin_229_agreement,416,Común
Pokemon_Daisy_271,Skin_230_term,2267,Raro
Pokemon_Rebecca_867,Skin_231_condition,2345,Común
Pokemon_Jerry_357,Skin_232_road,2929,Legendario
Pokemon_Joseph_843,Skin_233_at,1740,Común
Pokemon_Richard_444,Skin_234_decide,504,Común
Pokemon_James_424,Skin_235_trip,2444,Legendario
Pokemon_Marie_709,Skin_236_threat,411,Raro
Pokemon_Samantha_759,Skin_237_main,2577,Legendario
Pokemon_John_102,Skin_238_remember,2767,Común
Pokemon_Lisa_306,Skin_239_bit,331,Común
Pokemon_Steven_566,Skin_240_himself,346,Común
Pokemon_Shirley_718,Skin_241_effort,1949,Épico
Pokemon_Shane_698,Skin_242_process,1789,Común
Pokemon_Tiffany_999,Skin_243_decade,2382,Raro
Pokemon_Mary_887,Skin_244_hot,2494,Común
Pokemon_Angela_711,Skin_245_happy,1156,Épico
Pokemon_James_777,Skin_246_these,2282,Épico
Pokemon_Caroline_342,Skin_247_change,430,Épico
Pokemon_Katherine_935,Skin_248_physical,1639,Raro
Pokemon_Laura_288,Skin_249_final,126,Épico
Pokemon_Michael_611,Skin_250_be,456,Común
Pokemon_Jennifer_20,Skin_251_daughter,904,Épico
Pokemon_Ashley_577,Skin_252_defense,2051,Legendario
Pokemon_Adam_800,Skin_253_mission,2563,Legendario
Pokemon_Keith_904,Skin_254_tend,2140,Épico
Pokemon_Maria_319,Skin_255_miss,1933,Raro
Pokemon_Randy_809,Skin_256_look,857,Legendario
Pokemon_James_395,Skin_257_however,443,Común
Pokemon_April_570,Skin_258_later,560,Común
Pokemon_Beth_814,Skin_259_couple,2291,Épico
Pokemon_Jonathan_460,Skin_260_pattern,2161,Épico
Pokemon_Larry_877,Skin_261_chance,706,Legendario
Pokemon_April_50,Skin_262_door,2597,Legendario
Pokemon_Travis_361,Skin_263_dog,695,Épico
Pokemon_Evelyn_302,Skin_264_company,330,Común
Pokemon_Jack_93,Skin_265_outside,355,Común
Pokemon_Sharon_400,Skin_266_truth,1338,Raro
Pokemon_Bryan_72,Skin_267_wish,2972,Común
Pokemon_Anna_250,Skin_268_yard,1041,Común
Pokemon_Kristina_293,Skin_269_general,700,Legendario
Pokemon_Selena_799,Skin_270_effort,366,Legendario
Pokemon_Christy_968,Skin_271_shake,2312,Épico
Pokemon_Sarah_528,Skin_272_either,1381,Épico
Pokemon_Jessica_318,Skin_273_boy,1620,Épico
Pokemon_Erica_148,Skin_274_right,1749,Épico
Pokemon_Justin_182,Skin_275_notice,1222,Legendario
Pokemon_Crystal_273,Skin_276_program,1656,Raro
Pokemon_Jacqueline_441,Skin_277_trip,797,Raro
Pokemon_Cynthia_521,Skin_278_tend,1921,Común
Pokemon_Adam_800,Skin_279_create,749,Raro
Pokemon_Kristen_239,Skin_280_authority,1055,Raro
Pokemon_Jack_559,Skin_281_good,2279,Legendario
Pokemon_Crystal_273,Skin_282_agent,1812,Épico
Pokemon_Michael_13,Skin_283_unit,770,Legendario
Pokemon_Lucas_579,Skin_284_little,1098,Épico
Pokemon_Paul_846,Skin_285_later,439,Legendario
Pokemon_Stephanie_614,Skin_286_level,651,Épico
Pokemon_Melissa_397,Skin_287_feeling,810,Legendario
Pokemon_Anna_250,Skin_288_health,351,Épico
Pokemon_Ernest_925,Skin_289_what,186,Épico
Pokemon_Colton_615,Skin_290_appear,1721,Legendario
Pokemon_Danny_854,Skin_291_want,2602,Raro
Pokemon_Tracy_588,Skin_292_idea,551,Común
Pokemon_Daniel_262,Skin_293_institution,1113,Raro
Pokemon_Roger_168,Skin_294_model,365,Legendario
Pokemon_April_109,Skin_295_protect,2111,Raro
Pokemon_Michelle_879,Skin_296_even,513,Épico
Pokemon_Deanna_861,Skin_297_ground,2026,Raro
Pokemon_Keith_87,Skin_298_every,1107,Épico
Pokemon_Vincent_393,Skin_299_where,520,Raro
Pokemon_Lisa_940,Skin_300_hundred,1901,Épico
Pokemon_Roger_168,Skin_301_remain,987,Raro
Pokemon_Gina_138,Skin_302_occur,1047,Épico
Pokemon_Melissa_183,Skin_303_ok,836,Raro
Pokemon_Misty_942,Skin_304_subject,2165,Legendario
Pokemon_Larry_337,Skin_305_sometimes,1286,Común
Pokemon_Brianna_553,Skin_306_dark,548,Legendario
Pokemon_Marilyn_55,Skin_307_eat,2754,Común
Pokemon_Jennifer_62,Skin_308_threat,2569,Raro
Pokemon_Jenna_691,Skin_309_game,2877,Legendario
Pokemon_Nathan_134,Skin_310_Democrat,1872,Legendario
Pokemon_Anthony_104,Skin_311_blue,742,Común
Pokemon_Samuel_387,Skin_312_tough,1262,Épico
Pokemon_Brandi_642,Skin_313_rather,2443,Legendario
Pokemon_Robert_971,Skin_314_stand,1362,Épico
Pokemon_Felicia_618,Skin_315_today,2418,Raro
Pokemon_John_692,Skin_316_less,1515,Épico
Pokemon_Sharon_400,Skin_317_star,2142,Épico
Pokemon_Lori_734,Skin_318_president,503,Común
Pokemon_Peggy_774,Skin_319_certainly,454,Legendario
Pokemon_Ann_241,Skin_320_either,2693,Legendario
Pokemon_Cynthia_510,Skin_321_war,649,Común
Pokemon_Michael_617,Skin_322_spring,2117,Común
Pokemon_Charles_160,Skin_323_one,1784,Raro
Pokemon_Keith_904,Skin_324_lose,1016,Legendario
Pokemon_Jacqueline_313,Skin_325_truth,2442,Épico
Pokemon_Melissa_523,Skin_326_garden,509,Raro
Pokemon_Chelsea_75,Skin_327_professor,152,Legendario
Pokemon_Christopher_898,Skin_328_result,1888,Épico
Pokemon_Stanley_793,Skin_329_far,1657,Legendario
Pokemon_Tammy_404,Skin_330_painting,2281,Épico
Pokemon_Robin_828,Skin_331_nation,2060,Épico
Pokemon_Alexis_332,Skin_332_management,2478,Raro
Pokemon_Matthew_173,Skin_333_new,1769,Común
Pokemon_Tabitha_649,Skin_334_small,1329,Común
Pokemon_Robert_971,Skin_335_your,493,Raro
Pokemon_Patricia_120,Skin_336_those,1037,Legendario
Pokemon_Timothy_533,Skin_337_city,1672,Legendario
Pokemon_Jake_164,Skin_338_in,2288,Legendario
Pokemon_Jasmine_369,Skin_339_perform,747,Legendario
Pokemon_Jacob_550,Skin_340_music,2434,Legendario
Pokemon_Lucas_579,Skin_341_however,354,Raro
Pokemon_Samantha_874,Skin_342_you,952,Raro
Pokemon_Andrew_385,Skin_343_note,2635,Legendario
Pokemon_Valerie_674,Skin_344_must,1975,Raro
Pokemon_Sara_938,Skin_345_start,2271,Épico
Pokemon_Felicia_618,Skin_346_create,1927,Común
Pokemon_Derek_119,Skin_347_live,2061,Raro
Pokemon_Thomas_958,Skin_348_science,1355,Común
Pokemon_Rachel_963,Skin_349_lead,2304,Legendario
Pokemon_Mark_817,Skin_350_even,1218,Común
Pokemon_Linda_468,Skin_351_Mrs,2276,Legendario
Pokemon_Jasmine_369,Skin_352_join,117,Épico
Pokemon_Thomas_428,Skin_353_house,1100,Épico
Pokemon_Kevin_264,Skin_354_statement,1150,Raro
Pokemon_Elizabeth_622,Skin_355_these,2669,Épico
Pokemon_Jesse_43,Skin_356_environmental,2638,Común
Pokemon_Cynthia_988,Skin_357_task,2743,Épico
Pokemon_Scott_514,Skin_358_hard,914,Común
Pokemon_Steven_115,Skin_359_pay,2527,Común
Pokemon_Kyle_758,Skin_360_subject,1354,Común
Pokemon_David_242,Skin_361_hit,175,Raro
Pokemon_Eddie_19,Skin_362_prepare,623,Épico
Pokemon_Emily_412,Skin_363_determine,1812,Común
Pokemon_Brandi_642,Skin_364_politics,2376,Legendario
Pokemon_Audrey_131,Skin_365_image,1195,Épico
Pokemon_Andrea_429,Skin_366_church,2884,Legendario
Pokemon_James_927,Skin_367_fear,2365,Épico
Pokemon_Angela_430,Skin_368_later,1884,Épico
Pokemon_Michelle_252,Skin_369_west,1968,Épico
Pokemon_Susan_605,Skin_370_church,2946,Raro
Pokemon_Brandon_833,Skin_371_prepare,1039,Épico
Pokemon_Kristen_294,Skin_372_offer,2076,Épico
Pokemon_Ricky_551,Skin_373_food,1757,Legendario
Pokemon_Christopher_184,Skin_374_husband,1932,Común
Pokemon_Kelly_122,Skin_375_hot,2503,Épico
Pokemon_Nicole_639,Skin_376_white,277,Común
Pokemon_Jo_142,Skin_377_thank,2532,Común
Pokemon_Joshua_467,Skin_378_range,1787,Común
Pokemon_Lisa_493,Skin_379_answer,1242,Legendario
Pokemon_Angel_410,Skin_380_camera,2092,Común
Pokemon_Maria_960,Skin_381_light,374,Legendario
Pokemon_Kristy_762,Skin_382_human,158,Raro
Pokemon_Alexandra_522,Skin_383_group,1322,Épico
Pokemon_Julie_855,Skin_384_drop,2638,Épico
Pokemon_David_373,Skin_385_set,157,Raro
Pokemon_Anthony_578,Skin_386_share,2312,Épico
Pokemon_James_5,Skin_387_four,1357,Raro
Pokemon_Amanda_88,Skin_388_agency,2150,Épico
Pokemon_Laura_352,Skin_389_sport,763,Épico
Pokemon_James_395,Skin_390_answer,769,Raro
Pokemon_Elizabeth_470,Skin_391_employee,2278,Legendario
Pokemon_James_78,Skin_392_behavior,439,Común
Pokemon_Anthony_104,Skin_393_give,538,Épico
Pokemon_Adam_28,Skin_394_their,1560,Legendario
Pokemon_James_21,Skin_395_rest,518,Legendario
Pokemon_Michael_617,Skin_396_deal,214,Legendario
Pokemon_Emily_412,Skin_397_leader,2334,Común
Pokemon_Tyler_92,Skin_398_hard,2335,Épico
Pokemon_Kayla_79,Skin_399_forward,2366,Legendario
Pokemon_Emily_961,Skin_400_economic,2362,Legendario
Pokemon_Frank_722,Skin_401_garden,503,Raro
Pokemon_Stephanie_77,Skin_402_customer,237,Común
Pokemon_Allison_185,Skin_403_table,262,Raro
Pokemon_Alexander_507,Skin_404_cultural,1945,Legendario
Pokemon_Michelle_252,Skin_405_city,2212,Raro
Pokemon_Brian_776,Skin_406_public,2175,Legendario
Pokemon_Shane_698,Skin_407_quite,1422,Común
Pokemon_Carlos_114,Skin_408_there,1716,Épico
Pokemon_Gregory_107,Skin_409_ever,129,Épico
Pokemon_Caleb_374,Skin_410_cut,1484,Legendario
Pokemon_John_102,Skin_411_care,464,Legendario
Pokemon_Peggy_723,Skin_412_perform,444,Raro
Pokemon_Jose_869,Skin_413_budget,428,Raro
Pokemon_Hannah_349,Skin_414_grow,315,Común
Pokemon_Kimberly_677,Skin_415_production,857,Común
Pokemon_Danielle_233,Skin_416_remember,543,Legendario
Pokemon_Dwayne_433,Skin_417_thousand,2661,Raro
Pokemon_Paul_965,Skin_418_near,340,Raro
Pokemon_Wayne_847,Skin_419_choose,1812,Común
Pokemon_Julie_416,Skin_420_clearly,839,Común
Pokemon_Amber_58,Skin_421_room,545,Raro
Pokemon_Stacy_381,Skin_422_where,2030,Común
Pokemon_Emily_392,Skin_423_history,2418,Épico
Pokemon_Matthew_946,Skin_424_ten,528,Legendario
Pokemon_Linda_463,Skin_425_social,339,Raro
Pokemon_Andrew_901,Skin_426_out,1781,Raro
Pokemon_Peggy_774,Skin_427_interesting,300,Raro
Pokemon_Angela_430,Skin_428_vote,2274,Legendario
Pokemon_Wendy_696,Skin_429_third,1665,Raro
Pokemon_Ricardo_259,Skin_430_three,1674,Legendario
Pokemon_Melissa_780,Skin_431_my,920,Común
Pokemon_Thomas_204,Skin_432_reveal,1864,Épico
Pokemon_Robert_582,Skin_433_goal,2740,Común
Pokemon_Joshua_467,Skin_434_foot,1859,Legendario
Pokemon_Angela_47,Skin_435_none,1774,Común
Pokemon_Kenneth_3,Skin_436_task,2286,Raro
Pokemon_David_461,Skin_437_itself,217,Común
Pokemon_April_920,Skin_438_poor,2606,Raro
Pokemon_Jesse_38,Skin_439_often,2925,Legendario
Pokemon_Kathy_680,Skin_440_reveal,2042,Legendario
Pokemon_Robert_801,Skin_441_drive,2657,Épico
Pokemon_Matthew_946,Skin_442_thus,892,Legendario
Pokemon_Katelyn_646,Skin_443_let,1572,Legendario
Pokemon_Michael_815,Skin_444_mean,1518,Común
Pokemon_Andrew_418,Skin_445_friend,2868,Raro
Pokemon_Mary_849,Skin_446_research,1069,Común
Pokemon_Jessica_731,Skin_447_produce,2648,Raro
Pokemon_Marco_655,Skin_448_kind,106,Raro
Pokemon_Eric_315,Skin_449_hour,481,Épico
Pokemon_Daniel_415,Skin_450_writer,266,Legendario
Pokemon_Brianna_473,Skin_451_play,2991,Legendario
Pokemon_Jessica_606,Skin_452_dinner,999,Épico
Pokemon_Deborah_512,Skin_453_improve,1422,Legendario
Pokemon_Jennifer_275,Skin_454_team,412,Épico
Pokemon_Susan_605,Skin_455_parent,2702,Raro
Pokemon_Heather_818,Skin_456_throughout,2561,Raro
Pokemon_Danielle_977,Skin_457_generation,243,Raro
Pokemon_Richard_444,Skin_458_often,287,Legendario
Pokemon_Sara_398,Skin_459_employee,248,Raro
Pokemon_Sandy_728,Skin_460_good,2446,Épico
Pokemon_Connie_149,Skin_461_process,1999,Legendario
Pokemon_Lawrence_746,Skin_462_most,1778,Común
Pokemon_Matthew_377,Skin_463_wind,854,Épico
Pokemon_Robert_322,Skin_464_dinner,568,Común
Pokemon_Kelsey_67,Skin_465_wall,2891,Común
Pokemon_Jesse_43,Skin_466_use,796,Raro
Pokemon_Zachary_274,Skin_467_water,2821,Raro
Pokemon_Melissa_788,Skin_468_decide,1622,Raro
Pokemon_Andrew_418,Skin_469_vote,1344,Raro
Pokemon_Jesse_643,Skin_470_debate,1376,Común
Pokemon_Alexandria_189,Skin_471_plant,560,Común
Pokemon_Joseph_682,Skin_472_read,2983,Legendario
Pokemon_Justin_851,Skin_473_own,1310,Raro
Pokemon_Jessica_235,Skin_474_election,836,Legendario
Pokemon_Michael_595,Skin_475_drop,2508,Común
Pokemon_Angel_432,Skin_476_significant,1266,Raro
Pokemon_Larry_877,Skin_477_management,1879,Raro
Pokemon_Melissa_992,Skin_478_doctor,1411,Común
Pokemon_Connie_281,Skin_479_probably,2376,Raro
Pokemon_Cory_513,Skin_480_question,499,Épico
Pokemon_Allen_291,Skin_481_election,2254,Épico
Pokemon_Brittney_694,Skin_482_right,1347,Común
Pokemon_Jason_284,Skin_483_perhaps,2008,Épico
Pokemon_Amanda_310,Skin_484_court,2789,Raro
Pokemon_Tammy_621,Skin_485_reflect,2552,Común
Pokemon_Alejandro_1,Skin_486_suffer,461,Común
Pokemon_Edward_191,Skin_487_center,1005,Raro
Pokemon_Anna_10,Skin_488_traditional,2785,Épico
Pokemon_Brooke_363,Skin_489_seem,1083,Épico
Pokemon_Annette_209,Skin_490_explain,2270,Común
Pokemon_Johnny_889,Skin_491_drop,2659,Épico
Pokemon_Christine_329,Skin_492_manage,488,Legendario
Pokemon_Martha_797,Skin_493_company,2883,Épico
Pokemon_Daniel_748,Skin_494_around,574,Legendario
Pokemon_Heather_713,Skin_495_think,2467,Común
Pokemon_Jessica_733,Skin_496_reveal,2353,Legendario
Pokemon_Heather_600,Skin_497_standard,857,Común
Pokemon_Jose_897,Skin_498_itself,223,Épico
Pokemon_Samantha_883,Skin_499_discover,2038,Común
Pokemon_Theresa_934,Skin_500_final,861,Épico
Pokemon_Andrea_186,Skin_501_force,2336,Raro
Pokemon_Ashlee_265,Skin_502_population,2249,Común
Pokemon_Theresa_934,Skin_503_member,2428,Común
Pokemon_Kurt_794,Skin_504_land,121,Común
Pokemon_Renee_257,Skin_505_kind,679,Épico
Pokemon_Nicholas_812,Skin_506_meeting,1782,Raro
Pokemon_Luis_174,Skin_507_action,1236,Raro
Pokemon_Laura_288,Skin_508_authority,865,Épico
Pokemon_Steven_115,Skin_509_eat,1870,Épico
Pokemon_George_266,Skin_510_particularly,1490,Común
Pokemon_Connie_73,Skin_511_lay,133,Común
Pokemon_Nathan_134,Skin_512_without,610,Épico
Pokemon_Joseph_144,Skin_513_ten,1658,Épico
Pokemon_Benjamin_340,Skin_514_word,1605,Común
Pokemon_Tammy_25,Skin_515_stop,2585,Raro
Pokemon_Nancy_760,Skin_516_yes,1890,Común
Pokemon_Michael_617,Skin_517_create,1214,Legendario
Pokemon_Justin_299,Skin_518_head,1920,Épico
Pokemon_Steven_566,Skin_519_key,1570,Legendario
Pokemon_Larry_877,Skin_520_discussion,534,Raro
Pokemon_Alex_355,Skin_521_family,487,Épico
Pokemon_Amber_740,Skin_522_actually,2632,Común
Pokemon_Bradley_976,Skin_523_water,1792,Legendario
Pokemon_Jennifer_560,Skin_524_method,2035,Raro
Pokemon_Jesse_643,Skin_525_small,2888,Épico
Pokemon_Jessica_781,Skin_526_can,2169,Raro
Pokemon_Robert_801,Skin_527_one,619,Común
Pokemon_Tiffany_16,Skin_528_time,1008,Legendario
Pokemon_Matthew_601,Skin_529_act,2269,Común
Pokemon_Kayla_565,Skin_530_economy,2988,Legendario
Pokemon_Justin_182,Skin_531_sometimes,1680,Raro
Pokemon_Frank_775,Skin_532_weight,1405,Raro
Pokemon_Erin_108,Skin_533_notice,502,Épico
Pokemon_Thomas_204,Skin_534_level,596,Legendario
Pokemon_John_110,Skin_535_soldier,2482,Legendario
Pokemon_Victoria_227,Skin_536_adult,127,Raro
Pokemon_Gabriel_574,Skin_537_front,1012,Legendario
Pokemon_Rebecca_867,Skin_538_PM,566,Épico
Pokemon_Casey_816,Skin_539_reality,2804,Épico
Pokemon_Laura_402,Skin_540_state,496,Raro
Pokemon_Richard_964,Skin_541_this,438,Épico
Pokemon_Susan_51,Skin_542_rich,1544,Épico
Pokemon_Alejandro_1,Skin_543_interest,2691,Épico
Pokemon_Briana_378,Skin_544_scientist,2058,Épico
Pokemon_Monica_30,Skin_545_pattern,1317,Común
Pokemon_Elizabeth_986,Skin_546_pattern,1095,Épico
Pokemon_Heather_279,Skin_547_both,2229,Raro
Pokemon_Sean_668,Skin_548_feel,2272,Raro
Pokemon_Lawrence_746,Skin_549_computer,908,Común
Pokemon_Diane_187,Skin_550_perform,2041,Raro
Pokemon_Christopher_82,Skin_551_run,2172,Común
Pokemon_Ronald_608,Skin_552_test,864,Épico
Pokemon_Laura_288,Skin_553_forget,2799,Raro
Pokemon_Courtney_626,Skin_554_yes,1840,Raro
Pokemon_Kimberly_190,Skin_555_think,1982,Raro
Pokemon_Sharon_400,Skin_556_mind,2112,Común
Pokemon_Gail_391,Skin_557_party,900,Épico
Pokemon_Michelle_252,Skin_558_modern,2741,Épico
Pokemon_Daniel_262,Skin_559_environmental,2179,Raro
Pokemon_Alexander_507,Skin_560_debate,581,Legendario
Pokemon_Jessica_606,Skin_561_message,2680,Épico
Pokemon_Robin_256,Skin_562_area,171,Épico
Pokemon_Lonnie_634,Skin_563_different,2206,Épico
Pokemon_Peggy_774,Skin_564_agent,319,Legendario
Pokemon_Sarah_528,Skin_565_more,2404,Raro
Pokemon_Jerry_328,Skin_566_teach,2337,Épico
Pokemon_Jacob_550,Skin_567_each,2430,Legendario
Pokemon_Michael_617,Skin_568_cultural,2302,Raro
Pokemon_John_860,Skin_569_contain,2783,Legendario
Pokemon_Alexander_530,Skin_570_sort,806,Épico
Pokemon_Brandon_368,Skin_571_home,1297,Raro
Pokemon_Linda_832,Skin_572_media,2159,Común
Pokemon_Alexis_500,Skin_573_such,2069,Legendario
Pokemon_Corey_656,Skin_574_strategy,425,Raro
Pokemon_James_5,Skin_575_voice,306,Común
Pokemon_Brittney_694,Skin_576_attack,1920,Raro
Pokemon_Christian_63,Skin_577_listen,1741,Épico
Pokemon_Heather_600,Skin_578_else,2564,Raro
Pokemon_Richard_444,Skin_579_care,1417,Legendario
Pokemon_Jessica_158,Skin_580_exist,2568,Legendario
Pokemon_Ashley_350,Skin_581_positive,753,Épico
Pokemon_Kurt_955,Skin_582_dog,1391,Legendario
Pokemon_John_263,Skin_583_music,658,Raro
Pokemon_Julie_416,Skin_584_bit,137,Raro
Pokemon_Christopher_898,Skin_585_at,2120,Legendario
Pokemon_Alexis_500,Skin_586_memory,240,Común
Pokemon_Valerie_674,Skin_587_professor,162,Épico
Pokemon_Dalton_539,Skin_588_week,2651,Legendario
Pokemon_Bryan_72,Skin_589_painting,533,Épico
Pokemon_John_263,Skin_590_people,2104,Raro
Pokemon_Marcus_541,Skin_591_positive,1191,Común
Pokemon_Carmen_948,Skin_592_where,1209,Común
Pokemon_Larry_978,Skin_593_building,1870,Épico
Pokemon_Maria_504,Skin_594_amount,1475,Legendario
Pokemon_Christopher_324,Skin_595_wife,191,Épico
Pokemon_Christopher_287,Skin_596_decision,798,Épico
Pokemon_David_547,Skin_597_history,1536,Raro
Pokemon_Steven_115,Skin_598_drug,143,Legendario
Pokemon_Ronald_667,Skin_599_own,751,Épico
Pokemon_Jennifer_729,Skin_600_perhaps,2588,Legendario
Pokemon_Tammy_404,Skin_601_project,1643,Épico
Pokemon_Eric_331,Skin_602_campaign,784,Común
Pokemon_Adriana_462,Skin_603_usually,2868,Épico
Pokemon_Anthony_104,Skin_604_record,1602,Raro
Pokemon_David_373,Skin_605_employee,2806,Legendario
Pokemon_Kenneth_505,Skin_606_message,1902,Raro
Pokemon_Allen_291,Skin_607_arm,2237,Común
Pokemon_April_89,Skin_608_certain,1235,Legendario
Pokemon_Angela_471,Skin_609_face,1961,Legendario
Pokemon_Laura_637,Skin_610_garden,1480,Épico
Pokemon_Andrew_865,Skin_611_have,2666,Raro
Pokemon_Andrew_901,Skin_612_station,418,Común
Pokemon_Chelsea_297,Skin_613_take,1216,Común
Pokemon_Marcus_585,Skin_614_operation,2512,Épico
Pokemon_Kristopher_298,Skin_615_of,2714,Épico
Pokemon_Maria_960,Skin_616_treatment,1755,Común
Pokemon_Kristina_66,Skin_617_father,1836,Raro
Pokemon_Jesse_643,Skin_618_bag,1107,Común
Pokemon_Javier_45,Skin_619_best,412,Raro
Pokemon_Brandon_399,Skin_620_attack,1255,Épico
Pokemon_David_353,Skin_621_example,2585,Épico
Pokemon_Julie_137,Skin_622_player,548,Épico
Pokemon_Elaine_198,Skin_623_employee,2070,Común
Pokemon_Lucas_579,Skin_624_ask,1851,Legendario
Pokemon_Theresa_662,Skin_625_agreement,1184,Raro
Pokemon_Mallory_41,Skin_626_reveal,1195,Legendario
Pokemon_Shelby_29,Skin_627_successful,703,Épico
Pokemon_Richard_444,Skin_628_piece,367,Común
Pokemon_Jessica_589,Skin_629_feel,1039,Común
Pokemon_Brandi_642,Skin_630_face,1080,Legendario
Pokemon_Jessica_235,Skin_631_western,1661,Legendario
Pokemon_Destiny_784,Skin_632_you,441,Común
Pokemon_Jesse_167,Skin_633_those,2546,Raro
Pokemon_Casey_816,Skin_634_democratic,383,Raro
Pokemon_Wayne_309,Skin_635_total,2435,Común
Pokemon_Andrew_865,Skin_636_pressure,262,Común
Pokemon_Brandi_642,Skin_637_firm,2166,Épico
Pokemon_Emily_961,Skin_638_cultural,329,Legendario
Pokemon_Kristina_900,Skin_639_education,1335,Común
Pokemon_Robin_256,Skin_640_institution,1104,Legendario
Pokemon_Bob_52,Skin_641_prevent,1665,Común
Pokemon_David_242,Skin_642_director,2215,Común
Pokemon_Angela_437,Skin_643_skin,2602,Épico
Pokemon_Robert_455,Skin_644_phone,488,Raro
Pokemon_Chelsea_984,Skin_645_occur,387,Común
Pokemon_Krystal_472,Skin_646_writer,1672,Legendario
Pokemon_Corey_656,Skin_647_food,621,Épico
Pokemon_Amanda_824,Skin_648_end,364,Común
Pokemon_Ashley_577,Skin_649_phone,2921,Legendario
Pokemon_Robert_769,Skin_650_course,648,Raro
Pokemon_Alexander_507,Skin_651_citizen,2882,Raro
Pokemon_Sandra_447,Skin_652_product,1262,Común
Pokemon_Heather_124,Skin_653_left,2446,Legendario
Pokemon_Grace_844,Skin_654_form,867,Legendario
Pokemon_Heather_600,Skin_655_quickly,2012,Raro
Pokemon_Tiffany_181,Skin_656_floor,2437,Legendario
Pokemon_Robert_188,Skin_657_size,2290,Común
Pokemon_Karen_848,Skin_658_according,1713,Legendario
Pokemon_David_461,Skin_659_generation,2777,Legendario
Pokemon_Samuel_972,Skin_660_everyone,551,Legendario
Pokemon_Christopher_950,Skin_661_summer,343,Común
Pokemon_Jacob_153,Skin_662_design,2453,Épico
Pokemon_Alexander_507,Skin_663_because,2549,Raro
Pokemon_Aaron_640,Skin_664_note,2819,Común
Pokemon_Michelle_879,Skin_665_interesting,537,Común
Pokemon_Shannon_481,Skin_666_clear,1203,Épico
Pokemon_Jonathan_460,Skin_667_hair,1375,Legendario
Pokemon_Richard_964,Skin_668_worker,1114,Épico
Pokemon_Leah_707,Skin_669_today,2827,Común
Pokemon_Deborah_304,Skin_670_daughter,2399,Legendario
Pokemon_Vincent_393,Skin_671_address,2534,Raro
Pokemon_Anthony_282,Skin_672_brother,1624,Épico
Pokemon_Erica_148,Skin_673_hard,2317,Legendario
Pokemon_Hannah_248,Skin_674_hundred,2603,Raro
Pokemon_Patricia_830,Skin_675_stop,1928,Legendario
Pokemon_Joe_389,Skin_676_accept,918,Legendario
Pokemon_Gloria_859,Skin_677_evidence,2678,Común
Pokemon_Erika_629,Skin_678_four,1812,Raro
Pokemon_Roberta_401,Skin_679_bad,1759,Épico
Pokemon_Alexis_500,Skin_680_treatment,1442,Común
Pokemon_Margaret_362,Skin_681_issue,2658,Raro
Pokemon_Michelle_879,Skin_682_now,163,Legendario
Pokemon_John_692,Skin_683_already,1599,Épico
Pokemon_Autumn_607,Skin_684_instead,2704,Raro
Pokemon_Melissa_888,Skin_685_size,1231,Común
Pokemon_Deborah_304,Skin_686_southern,1124,Común
Pokemon_Leslie_384,Skin_687_quality,997,Épico
Pokemon_Julie_27,Skin_688_technology,2245,Común
Pokemon_Dalton_539,Skin_689_prevent,785,Épico
Pokemon_Brittany_706,Skin_690_friend,2601,Épico
Pokemon_Shane_458,Skin_691_TV,2563,Raro
Pokemon_Christina_654,Skin_692_many,2796,Raro
Pokemon_Lisa_940,Skin_693_raise,1931,Legendario
Pokemon_Shane_698,Skin_694_set,2402,Legendario
Pokemon_John_860,Skin_695_campaign,2726,Épico
Pokemon_Gloria_859,Skin_696_likely,1680,Épico
Pokemon_Kyle_476,Skin_697_reason,2592,Legendario
Pokemon_Richard_98,Skin_698_interesting,2730,Común
Pokemon_Rachel_157,Skin_699_wide,2529,Común
Pokemon_Stephanie_77,Skin_700_already,170,Común
Pokemon_Michael_486,Skin_701_week,645,Común
Pokemon_Melissa_909,Skin_702_protect,393,Común
Pokemon_Grace_844,Skin_703_prove,785,Épico
Pokemon_Christopher_898,Skin_704_sort,1857,Raro
Pokemon_James_395,Skin_705_hair,139,Épico
Pokemon_Audrey_131,Skin_706_alone,2091,Legendario
Pokemon_April_570,Skin_707_feel,2341,Raro
Pokemon_Jessica_318,Skin_708_wrong,2990,Épico
Pokemon_Dwayne_433,Skin_709_trip,2530,Raro
Pokemon_Manuel_705,Skin_710_church,1585,Raro
Pokemon_Jessica_731,Skin_711_remember,2148,Común
Pokemon_Sarah_638,Skin_712_push,2346,Raro
Pokemon_Jay_217,Skin_713_the,1011,Épico
Pokemon_Joshua_890,Skin_714_those,1679,Legendario
Pokemon_Deanna_861,Skin_715_beyond,833,Legendario
Pokemon_James_777,Skin_716_check,2505,Épico
Pokemon_Matthew_601,Skin_717_guess,2255,Común
Pokemon_Rebecca_867,Skin_718_turn,1600,Raro
Pokemon_Christina_654,Skin_719_region,1145,Común
Pokemon_Jeffrey_222,Skin_720_scene,580,Épico
Pokemon_Rachel_963,Skin_721_explain,2804,Común
Pokemon_Jessica_781,Skin_722_discover,1715,Raro
Pokemon_William_97,Skin_723_keep,1150,Legendario
Pokemon_Mark_518,Skin_724_road,2464,Raro
Pokemon_Jose_474,Skin_725_artist,1776,Raro
Pokemon_Michelle_252,Skin_726_success,1418,Legendario
Pokemon_Luis_612,Skin_727_reduce,899,Legendario
Pokemon_Tina_885,Skin_728_per,1881,Épico
Pokemon_Ernest_925,Skin_729_girl,2096,Épico
Pokemon_Marcus_949,Skin_730_day,2842,Raro
Pokemon_Peter_556,Skin_731_building,1577,Común
Pokemon_Edward_56,Skin_732_project,2896,Común
Pokemon_William_678,Skin_733_identify,1717,Épico
Pokemon_Kayla_565,Skin_734_hot,1672,Épico
Pokemon_April_702,Skin_735_design,2214,Raro
Pokemon_Tony_683,Skin_736_technology,116,Raro
Pokemon_Jenna_40,Skin_737_of,2564,Épico
Pokemon_Holly_80,Skin_738_operation,2200,Raro
Pokemon_David_373,Skin_739_expect,287,Raro
Pokemon_Aaron_91,Skin_740_likely,311,Común
Pokemon_Vicki_228,Skin_741_truth,2672,Común
Pokemon_Rachel_230,Skin_742_song,1270,Épico
Pokemon_Alejandro_1,Skin_743_pay,524,Común
Pokemon_Mallory_41,Skin_744_myself,1849,Común
Pokemon_Jeanette_135,Skin_745_concern,2908,Común
Pokemon_Jack_559,Skin_746_sure,805,Legendario
Pokemon_Chad_806,Skin_747_coach,2841,Épico
Pokemon_Derek_119,Skin_748_board,1045,Legendario
Pokemon_Michael_563,Skin_749_six,2573,Común
Pokemon_Elizabeth_470,Skin_750_interesting,1612,Raro
Pokemon_Judy_464,Skin_751_activity,2826,Común
Pokemon_Manuel_705,Skin_752_impact,1286,Épico
Pokemon_Courtney_338,Skin_753_commercial,508,Legendario
Pokemon_Michael_420,Skin_754_seem,446,Épico
Pokemon_Michael_156,Skin_755_behind,1162,Épico
Pokemon_Annette_209,Skin_756_million,2391,Raro
Pokemon_Angel_616,Skin_757_send,1208,Épico
Pokemon_Leah_880,Skin_758_theory,2973,Legendario
Pokemon_Daniel_170,Skin_759_by,1231,Legendario
Pokemon_April_570,Skin_760_form,245,Épico
Pokemon_Mackenzie_534,Skin_761_great,2959,Legendario
Pokemon_Ryan_571,Skin_762_drop,1277,Legendario
Pokemon_Rachel_230,Skin_763_sing,1968,Legendario
Pokemon_Nicole_639,Skin_764_far,2892,Raro
Pokemon_Susan_51,Skin_765_visit,2988,Legendario
Pokemon_Mallory_41,Skin_766_order,2934,Épico
Pokemon_Kathleen_862,Skin_767_police,209,Raro
Pokemon_Anna_703,Skin_768_build,2508,Épico
Pokemon_Christopher_591,Skin_769_not,1960,Épico
Pokemon_Miguel_4,Skin_770_religious,2347,Raro
Pokemon_Matthew_22,Skin_771_mention,2512,Común
Pokemon_Krista_594,Skin_772_site,1535,Legendario
Pokemon_Eric_59,Skin_773_add,2352,Épico
Pokemon_Emily_125,Skin_774_medical,2493,Legendario
Pokemon_Steven_650,Skin_775_we,2011,Legendario
Pokemon_Robert_111,Skin_776_trade,2805,Raro
Pokemon_Christopher_184,Skin_777_two,321,Legendario
Pokemon_Michael_815,Skin_778_ball,450,Épico
Pokemon_Peggy_723,Skin_779_call,1149,Legendario
Pokemon_Emily_469,Skin_780_seven,1595,Raro
Pokemon_Michael_665,Skin_781_beyond,1565,Raro
Pokemon_Kristopher_298,Skin_782_Republican,1691,Raro
Pokemon_Daniel_254,Skin_783_game,1419,Común
Pokemon_Cathy_94,Skin_784_value,366,Común
Pokemon_Danielle_977,Skin_785_environment,1013,Raro
Pokemon_Kimberly_190,Skin_786_ever,1347,Épico
Pokemon_Mackenzie_534,Skin_787_born,1419,Legendario
Pokemon_Brittany_906,Skin_788_some,1260,Común
Pokemon_Brianna_193,Skin_789_stuff,1676,Común
Pokemon_Christopher_898,Skin_790_professor,1125,Épico
Pokemon_Gina_138,Skin_791_few,1023,Épico
Pokemon_Kayla_79,Skin_792_product,2815,Épico
Pokemon_April_50,Skin_793_threat,2012,Raro
Pokemon_Mark_518,Skin_794_total,716,Legendario
Pokemon_Amy_962,Skin_795_reach,408,Épico
Pokemon_Marcus_949,Skin_796_law,1390,Épico
Pokemon_Jenna_919,Skin_797_remain,1775,Épico
Pokemon_Charles_537,Skin_798_government,2526,Raro
Pokemon_Jill_929,Skin_799_state,2722,Común
Pokemon_Christian_63,Skin_800_Democrat,2724,Legendario
Pokemon_April_702,Skin_801_whole,1932,Raro
Pokemon_Zachary_274,Skin_802_whatever,1236,Épico
Pokemon_Ricardo_259,Skin_803_teach,1906,Común
Pokemon_Robert_524,Skin_804_happy,264,Épico
Pokemon_James_21,Skin_805_prove,1602,Común
Pokemon_Xavier_945,Skin_806_hold,1970,Común
Pokemon_Andrew_23,Skin_807_house,949,Raro
Pokemon_Brianna_473,Skin_808_thousand,2588,Común
Pokemon_Curtis_811,Skin_809_firm,1332,Raro
Pokemon_Misty_942,Skin_810_major,1949,Legendario
Pokemon_Kenneth_930,Skin_811_Mr,1443,Legendario
Pokemon_Keith_904,Skin_812_produce,502,Raro
Pokemon_Susan_739,Skin_813_Mr,2612,Legendario
Pokemon_Samantha_759,Skin_814_garden,1408,Común
Pokemon_Cody_808,Skin_815_walk,927,Común
Pokemon_Anna_285,Skin_816_itself,478,Épico
Pokemon_Tyler_92,Skin_817_response,168,Épico
Pokemon_Jill_929,Skin_818_life,1182,Épico
Pokemon_Justin_299,Skin_819_site,2744,Común
Pokemon_Luke_593,Skin_820_hot,1917,Legendario
Pokemon_Aaron_376,Skin_821_huge,2724,Raro
Pokemon_Yvonne_765,Skin_822_ok,1106,Común
Pokemon_Connor_366,Skin_823_fear,2316,Común
Pokemon_Victoria_227,Skin_824_month,1495,Épico
Pokemon_Gregory_107,Skin_825_outside,1517,Legendario
Pokemon_Kristen_162,Skin_826_its,257,Común
Pokemon_Jessica_318,Skin_827_opportunity,2457,Épico
Pokemon_Heather_600,Skin_828_once,2903,Épico
Pokemon_Jay_217,Skin_829_school,320,Común
Pokemon_Heather_279,Skin_830_sure,140,Raro
Pokemon_David_496,Skin_831_position,327,Raro
Pokemon_Cole_213,Skin_832_food,240,Legendario
Pokemon_William_18,Skin_833_same,2849,Común
Pokemon_Cynthia_521,Skin_834_phone,1987,Raro
Pokemon_Shelby_29,Skin_835_quality,2087,Épico
Pokemon_Jessica_158,Skin_836_American,410,Común
Pokemon_Heather_279,Skin_837_thing,805,Común
Pokemon_Julie_855,Skin_838_somebody,673,Épico
Pokemon_Jeffrey_221,Skin_839_eight,860,Épico
Pokemon_Connie_149,Skin_840_everybody,2249,Común
Pokemon_Michael_486,Skin_841_American,1031,Legendario
Pokemon_Eric_331,Skin_842_energy,1184,Legendario
Pokemon_Jason_423,Skin_843_modern,2528,Raro
Pokemon_Karen_910,Skin_844_her,2043,Épico
Pokemon_Tammy_84,Skin_845_see,1054,Legendario
Pokemon_Robin_489,Skin_846_raise,594,Legendario
Pokemon_Roger_168,Skin_847_fall,2258,Legendario
Pokemon_Samantha_759,Skin_848_week,1061,Común
Pokemon_David_8,Skin_849_site,2538,Épico
Pokemon_Jennifer_755,Skin_850_out,1265,Épico
Pokemon_Beth_814,Skin_851_her,1210,Legendario
Pokemon_Yvette_488,Skin_852_present,1257,Raro
Pokemon_Keith_904,Skin_853_top,1376,Épico
Pokemon_Rachel_351,Skin_854_buy,1300,Común
Pokemon_Jacob_367,Skin_855_likely,2854,Común
Pokemon_Patricia_830,Skin_856_store,1189,Común
Pokemon_Peter_529,Skin_857_mind,2260,Épico
Pokemon_Krystal_472,Skin_858_black,1994,Legendario
Pokemon_Randy_154,Skin_859_why,1041,Épico
Pokemon_Jack_93,Skin_860_our,1062,Común
Pokemon_Nicholas_408,Skin_861_yet,2132,Legendario
Pokemon_Connie_281,Skin_862_business,1108,Raro
Pokemon_John_102,Skin_863_none,1610,Épico
Pokemon_Belinda_36,Skin_864_majority,1471,Raro
Pokemon_Mark_817,Skin_865_end,2984,Épico
Pokemon_Melissa_183,Skin_866_onto,2726,Épico
Pokemon_Andrew_23,Skin_867_agree,2257,Raro
Pokemon_Jonathan_440,Skin_868_face,1988,Legendario
Pokemon_Joseph_983,Skin_869_agent,1098,Legendario
Pokemon_Tiffany_181,Skin_870_half,257,Épico
Pokemon_David_941,Skin_871_nothing,720,Raro
Pokemon_Jason_495,Skin_872_scientist,1409,Legendario
Pokemon_Travis_414,Skin_873_become,1988,Común
Pokemon_Maria_319,Skin_874_side,2048,Legendario
Pokemon_Javier_45,Skin_875_throw,2953,Común
Pokemon_Derrick_892,Skin_876_lose,639,Épico
Pokemon_John_860,Skin_877_attack,993,Épico
Pokemon_Maurice_531,Skin_878_concern,2021,Épico
Pokemon_Jeffrey_727,Skin_879_air,1697,Común
Pokemon_Angela_772,Skin_880_suddenly,878,Común
Pokemon_Carrie_152,Skin_881_white,665,Legendario
Pokemon_David_496,Skin_882_forget,987,Épico
Pokemon_Robert_76,Skin_883_system,312,Común
Pokemon_Laura_597,Skin_884_ball,1065,Común
Pokemon_Steven_566,Skin_885_window,149,Común
Pokemon_Todd_924,Skin_886_through,2332,Legendario
Pokemon_Cory_176,Skin_887_fill,856,Épico
Pokemon_Christopher_586,Skin_888_responsibility,1627,Legendario
Pokemon_Gail_260,Skin_889_front,2792,Legendario
Pokemon_Samantha_65,Skin_890_nearly,2940,Épico
Pokemon_Melissa_523,Skin_891_establish,2797,Raro
Pokemon_Leah_880,Skin_892_owner,2100,Común
Pokemon_Jessica_838,Skin_893_capital,2543,Épico
Pokemon_Gina_370,Skin_894_expert,2418,Épico
Pokemon_Karen_681,Skin_895_blue,998,Común
Pokemon_Jerry_85,Skin_896_wait,2479,Épico
Pokemon_Laura_288,Skin_897_budget,1863,Legendario
Pokemon_Jennifer_659,Skin_898_idea,217,Legendario
Pokemon_Maria_960,Skin_899_floor,1611,Legendario
Pokemon_Daniel_483,Skin_900_owner,2431,Raro
Pokemon_Kenneth_953,Skin_901_country,2315,Épico
Pokemon_Monica_923,Skin_902_receive,2487,Épico
Pokemon_James_823,Skin_903_space,1981,Raro
Pokemon_Melissa_523,Skin_904_per,626,Raro
Pokemon_Alexandria_189,Skin_905_lead,2626,Épico
Pokemon_Joseph_545,Skin_906_lead,688,Legendario
Pokemon_Aaron_91,Skin_907_research,786,Raro
Pokemon_Alexandria_189,Skin_908_wall,2007,Épico
Pokemon_Ashley_679,Skin_909_plan,377,Raro
Pokemon_Anthony_511,Skin_910_hold,2030,Legendario
Pokemon_Robert_455,Skin_911_third,2704,Común
Pokemon_Michelle_879,Skin_912_method,404,Común
Pokemon_Anna_10,Skin_913_rest,229,Legendario
Pokemon_Christina_480,Skin_914_head,435,Raro
Pokemon_Larry_978,Skin_915_look,1070,Común
Pokemon_Darryl_669,Skin_916_above,1337,Raro
Pokemon_Judith_417,Skin_917_student,262,Legendario
Pokemon_Anna_703,Skin_918_blue,2381,Épico
Pokemon_Samantha_737,Skin_919_ten,281,Raro
Pokemon_Stephen_604,Skin_920_bit,2068,Común
Pokemon_Laura_352,Skin_921_write,1476,Legendario
Pokemon_Susan_739,Skin_922_middle,2664,Legendario
Pokemon_Amanda_824,Skin_923_win,2345,Épico
Pokemon_Ryan_661,Skin_924_task,1568,Legendario
Pokemon_Gina_370,Skin_925_defense,2128,Común
Pokemon_Kristine_829,Skin_926_society,1676,Común
Pokemon_Jessica_606,Skin_927_something,757,Raro
Pokemon_April_570,Skin_928_maybe,235,Legendario
Pokemon_Hannah_248,Skin_929_be,1747,Legendario
Pokemon_Nicole_364,Skin_930_process,2531,Raro
Pokemon_Jo_142,Skin_931_program,835,Común
Pokemon_Derrick_892,Skin_932_late,2005,Legendario
Pokemon_Jesse_643,Skin_933_several,1328,Raro
Pokemon_Tiffany_943,Skin_934_important,1673,Épico
Pokemon_Darlene_388,Skin_935_add,2059,Legendario
Pokemon_Angela_47,Skin_936_reality,1923,Legendario
Pokemon_Lori_871,Skin_937_drop,2555,Legendario
Pokemon_Joseph_396,Skin_938_western,1246,Común
Pokemon_James_777,Skin_939_both,2775,Raro
Pokemon_Richard_964,Skin_940_stage,505,Legendario
Pokemon_Kristina_293,Skin_941_cover,2496,Raro
Pokemon_Jacob_153,Skin_942_grow,676,Legendario
Pokemon_Joshua_890,Skin_943_data,394,Legendario
Pokemon_Carol_438,Skin_944_service,333,Raro
Pokemon_Andrew_821,Skin_945_side,2830,Épico
Pokemon_Mark_105,Skin_946_own,2405,Raro
Pokemon_James_627,Skin_947_effect,931,Común
Pokemon_Kathy_680,Skin_948_natural,2535,Raro
Pokemon_Evan_7,Skin_949_especially,1441,Raro
Pokemon_Kayla_565,Skin_950_program,1336,Épico
Pokemon_Carmen_948,Skin_951_occur,306,Raro
Pokemon_Larry_978,Skin_952_help,1314,Épico
Pokemon_Carolyn_783,Skin_953_page,2467,Común
Pokemon_Elaine_198,Skin_954_indeed,584,Raro
Pokemon_Andrea_186,Skin_955_statement,1829,Épico
Pokemon_Raymond_283,Skin_956_late,2527,Raro
Pokemon_Mark_105,Skin_957_always,2690,Legendario
Pokemon_Andrew_418,Skin_958_hold,1025,Legendario
Pokemon_Heather_967,Skin_959_game,163,Épico
Pokemon_Kyle_476,Skin_960_seven,2336,Común
Pokemon_Charles_160,Skin_961_feel,1696,Común
Pokemon_Curtis_602,Skin_962_evening,661,Común
Pokemon_Dominique_311,Skin_963_old,2071,Épico
Pokemon_Julia_998,Skin_964_then,1415,Común
Pokemon_Shane_140,Skin_965_think,1367,Común
Pokemon_Dawn_326,Skin_966_sense,1250,Raro
Pokemon_April_89,Skin_967_similar,2974,Épico
Pokemon_Diane_202,Skin_968_she,668,Legendario
Pokemon_Brianna_710,Skin_969_suffer,2847,Legendario
Pokemon_Mary_787,Skin_970_Congress,1256,Común
Pokemon_Larry_877,Skin_971_nearly,493,Raro
Pokemon_Joseph_592,Skin_972_heavy,2975,Raro
Pokemon_Allen_291,Skin_973_company,761,Épico
Pokemon_Tammy_84,Skin_974_place,1980,Raro
Pokemon_Hannah_598,Skin_975_order,115,Raro
Pokemon_Kenneth_505,Skin_976_Congress,2672,Legendario
Pokemon_Carolyn_783,Skin_977_term,1687,Común
Pokemon_Christopher_950,Skin_978_system,630,Común
Pokemon_Anthony_628,Skin_979_environment,2477,Épico
Pokemon_Chad_515,Skin_980_his,2279,Épico
Pokemon_Jodi_327,Skin_981_lawyer,1618,Legendario
Pokemon_William_487,Skin_982_without,1735,Legendario
Pokemon_Jacob_48,Skin_983_local,2602,Épico
Pokemon_James_627,Skin_984_shake,3000,Común
Pokemon_Charles_160,Skin_985_lot,1050,Raro
Pokemon_James_395,Skin_986_indeed,2880,Común
Pokemon_Rebecca_867,Skin_987_maintain,1733,Común
Pokemon_Alan_831,Skin_988_all,2925,Legendario
Pokemon_Erin_108,Skin_989_admit,422,Épico
Pokemon_Gail_260,Skin_990_throw,1963,Común
Pokemon_Shannon_354,Skin_991_beyond,658,Épico
Pokemon_David_461,Skin_992_good,493,Épico
Pokemon_Mark_74,Skin_993_our,2494,Épico
Pokemon_Nathaniel_348,Skin_994_house,2648,Legendario
Pokemon_Kayla_240,Skin_995_light,956,Común
Pokemon_Alexis_332,Skin_996_team,1205,Legendario
Pokemon_Annette_209,Skin_997_think,2191,Legendario
Pokemon_James_445,Skin_998_seat,126,Raro
Pokemon_Marco_655,Skin_999_small,2447,Común
