J_Nombre,C_nombre
parkbrett622,Circulo_Gonzalez Ltd_370
dunnmatthew189,"Circulo_Rodriguez, Welch and Duarte_818"
jamessmith979,Circulo_Curtis-Leonard_259
zachary93317,"Circulo_Jenkins, Jacobson and Kelley_53"
randywest305,Circulo_Rivera-Green_874
aaronfowler526,Circulo_Hudson LLC_517
john09557,Circulo_Anthony-Gentry_46
matthew48810,Circulo_Roberts PLC_383
mosleyellen817,Circulo_Austin PLC_913
gkrause59,Circulo_Carlson-Miller_403
caroljensen516,"Circulo_Torres, Nicholson and White_751"
denise18469,"Circulo_Rodriguez, Gregory and Monroe_373"
fisheramanda569,Circulo_Jackson-Sanchez_583
davidcollier43,"Circulo_Martinez, Middleton and Walton_845"
jennifer13775,Circulo_Henry Group_949
michelle74695,Circulo_Gonzalez-Butler_485
lmontes396,"Circulo_Rich, Cowan and Strong_209"
xkennedy68,Circulo_Hayes-Johnson_973
qcalderon369,"Circulo_Chapman, Torres and King_855"
sheilapowell786,"Circulo_Greer, Hall and Morgan_999"
glewis536,Circulo_Bowers-Price_260
scott22691,"Circulo_Long, Wagner and Sanford_456"
john80264,Circulo_Lee-Luna_626
bwilson654,"Circulo_Sparks, Martin and Schaefer_545"
brooksvirginia883,Circulo_Yoder Ltd_20
christophermoore672,Circulo_Chapman LLC_297
riveramichelle512,Circulo_Mccarty Inc_797
ramseydrew888,Circulo_Tucker-Norris_172
belldonald86,"Circulo_Patel, Thomas and Salinas_850"
taylorjustin294,Circulo_Vaughn and Sons_876
jonesjohn559,Circulo_Kelly Inc_652
kennethluna475,"Circulo_Gonzalez, Velasquez and Wilson_540"
pettychristopher224,Circulo_Stark-Chavez_198
samuel41476,Circulo_Hooper-Sanders_328
raymond97338,Circulo_Peters PLC_911
joseph51265,Circulo_Bishop Inc_880
sandra14684,Circulo_Watts Ltd_183
aboyd474,"Circulo_Underwood, Peters and Ross_464"
ericksonstephanie805,Circulo_King-Mcintosh_13
oward671,Circulo_Peterson and Sons_221
buchanandouglas532,Circulo_Richardson Group_784
imccall430,"Circulo_Sanchez, Lowe and Taylor_185"
herringbriana936,Circulo_Williams and Sons_366
tony91324,Circulo_Archer-Johnson_300
pjuarez858,"Circulo_Stewart, Lamb and Smith_483"
nicholaswolf875,Circulo_Mcbride-Miles_667
harristaylor75,Circulo_Manning-Henry_150
xdean359,Circulo_Huynh-Greene_219
rklein268,Circulo_Contreras-Myers_213
connieswanson72,Circulo_Dixon PLC_44
andre80358,Circulo_Aguirre-Rodriguez_773
donnayoder538,"Circulo_Reed, Cruz and Waters_374"
tbrandt881,"Circulo_Cook, Moore and Santos_324"
henrymelissa143,"Circulo_Mccarthy, Carter and Hernandez_334"
daniel6313,Circulo_Owens-Brock_711
wileykimberly255,Circulo_Miller PLC_527
johnparks831,"Circulo_Olson, Paul and Donovan_431"
mgonzalez136,Circulo_Jones-Miller_665
lmartin250,Circulo_Jones and Sons_206
jennifermccarthy653,"Circulo_Bishop, Acosta and Carroll_801"
andrew02218,Circulo_Stark-Chavez_198
ncampbell21,Circulo_Weaver and Sons_832
bpadilla636,Circulo_Shaw Ltd_547
helliott90,Circulo_Richards-Brandt_756
christopher32754,Circulo_Palmer-Miller_116
elliottmichael383,Circulo_Reed Group_215
ddiaz62,"Circulo_Moore, Arnold and Hess_564"
michelle52968,"Circulo_Cruz, Atkins and Smith_791"
pamela5580,Circulo_Cantrell and Sons_25
gwillis481,"Circulo_Koch, Murillo and Holt_995"
kennethnewman882,Circulo_Rose-Wilcox_878
ugalvan605,Circulo_Ortiz-Foster_466
aliciahernandez148,Circulo_Elliott-Reid_889
brentobrien325,"Circulo_Ramirez, Marsh and Carlson_238"
williamsryan9,"Circulo_Sanders, Washington and Castro_179"
campbellkathleen244,Circulo_Gray LLC_350
hmartin822,"Circulo_Harris, Davenport and Curtis_518"
lauren91131,Circulo_Moody-Kim_309
edward4825,Circulo_Bennett LLC_959
valdezraymond508,Circulo_Neal and Sons_322
alicia36357,Circulo_Garcia-Sullivan_884
tgonzales276,Circulo_Turner Group_944
chrisjohnson758,"Circulo_Adams, Cowan and Logan_381"
sarah75270,"Circulo_Smith, Charles and Middleton_933"
boyermadeline728,Circulo_Owens-Brock_711
victoriaadams42,Circulo_Anderson Ltd_390
timothyjones304,Circulo_Kennedy and Sons_77
matthewlewis806,Circulo_Hawkins LLC_969
paigele106,Circulo_Doyle-Cobb_542
brownrebecca705,Circulo_Hardin PLC_571
edwardsthomas306,Circulo_Yang Group_831
laura81221,Circulo_Charles-Hill_721
ymurray297,Circulo_Price-Booker_549
rrivera765,Circulo_Delgado Group_782
floydmark689,"Circulo_Sanders, Washington and Castro_179"
jacobtaylor292,Circulo_Hughes Inc_588
dnicholson133,Circulo_Ruiz-Martinez_302
gluna96,Circulo_Dean-Ramos_844
ashley51732,Circulo_Robertson-Rodriguez_163
ypeterson277,Circulo_Craig-Nixon_359
wdavis397,Circulo_Fisher Ltd_162
leslie92644,Circulo_Smith-Stokes_355
janethansen334,Circulo_Jones-Miller_665
cody7919,Circulo_Duarte LLC_678
mathisbrandon866,Circulo_Williams Inc_52
linda15848,"Circulo_Brown, Graham and Payne_54"
jasongriffith657,Circulo_Woodard Ltd_19
karina04302,Circulo_Robertson and Sons_852
marybaker907,"Circulo_Patel, Thomas and Salinas_850"
ryancameron205,"Circulo_Richardson, Hunter and Smith_987"
elaineosborne465,Circulo_Anderson Ltd_390
rhodeslaura753,Circulo_Hamilton-Sandoval_402
arthurgarcia865,"Circulo_Jones, Hart and Moore_712"
thomasderek845,Circulo_Gray LLC_350
rbuchanan376,"Circulo_Miranda, Riley and Warren_539"
jeffrey34322,"Circulo_Walker, Hill and Brown_961"
jennifer01432,"Circulo_Harper, Castillo and Clark_36"
mwest425,"Circulo_Figueroa, Smith and Stewart_34"
anewman860,Circulo_Duarte LLC_678
rosevicki674,Circulo_Young Inc_558
tjordan570,Circulo_Sanchez LLC_476
russellrosales996,Circulo_Fisher-Chavez_725
nmoyer387,Circulo_Williams-Mckee_740
donnahaynes956,"Circulo_Doyle, Butler and Ray_938"
bowmanandrea874,Circulo_Palmer-Hall_387
ismith83,Circulo_Green Ltd_61
aliciahines308,"Circulo_Francis, Shelton and Dunn_101"
sanchezpatricia175,Circulo_Carpenter-Glenn_105
hharris900,Circulo_Johnson-Gonzales_318
arnoldlauren601,"Circulo_Jones, Robinson and Ross_188"
stuartjacob146,Circulo_Wheeler Group_379
william11815,Circulo_Jackson-Sanchez_583
christinapeterson593,Circulo_Alvarez and Sons_267
wanda34237,Circulo_Lee LLC_659
laurenpugh731,Circulo_Rich-Melendez_326
nathan04273,Circulo_Grimes LLC_487
williamramirez466,Circulo_Myers and Sons_836
aperez785,Circulo_Little-Cook_450
kenneth17760,Circulo_Huynh-Clark_709
alanschultz455,Circulo_Miller-Harrell_193
lmartinez301,Circulo_Ferguson-Henderson_537
salinaslaura552,Circulo_Orr-Johnson_555
fmiranda323,"Circulo_Lopez, Hayes and Johnson_828"
rodgersmelissa722,Circulo_Carlson-Miller_403
jeremy56101,Circulo_Mcdonald-Floyd_722
urodriguez556,Circulo_Weber-Knight_754
danielshaw451,Circulo_Rich-Melendez_326
timothygill877,Circulo_Cantrell and Sons_25
awillis596,Circulo_Smith Group_386
qandrews525,Circulo_Smith-Williams_89
xmorris809,Circulo_Small PLC_467
derek81847,Circulo_Thomas-Flynn_356
george71468,"Circulo_Carter, Shepard and Chapman_362"
kpacheco290,"Circulo_Barrett, Edwards and Duke_165"
ramirezjames683,Circulo_Foster and Sons_633
rachelbowen445,Circulo_Johnson-Wood_426
carolinecalderon177,"Circulo_Saunders, Kennedy and Shannon_604"
buckleyjoshua879,Circulo_Rivas Inc_343
kayla7827,"Circulo_Castillo, Townsend and Arnold_492"
joshua1448,"Circulo_Bautista, Franklin and Cardenas_341"
coleandrea149,"Circulo_Long, Wagner and Sanford_456"
william7831,"Circulo_Allen, Kelley and Douglas_447"
christinaroberts755,Circulo_Barnett Ltd_45
cody80727,Circulo_Hamilton-Sandoval_402
cindygreen87,Circulo_Powers-Johnson_60
dcantrell89,Circulo_Miller Ltd_216
sandersjason412,Circulo_Alvarez and Sons_267
bradleypeters346,"Circulo_Larson, Munoz and Johnson_945"
coxbradley79,Circulo_Mccarty Inc_797
andradeolivia645,Circulo_Rogers-Gonzales_897
garciakeith713,"Circulo_Barrett, Edwards and Duke_165"
sayala309,Circulo_Kim-Garner_299
tcole97,Circulo_Huynh-Clark_709
geraldwells226,Circulo_Townsend-Gordon_69
destrada798,"Circulo_Meyer, Thomas and Ross_529"
gonzalestiffany458,Circulo_Miller Inc_102
youngaaron969,Circulo_Robertson and Sons_852
linda57363,"Circulo_Farmer, Lopez and Quinn_65"
igilbert236,Circulo_Mitchell-Smith_41
tammy02843,"Circulo_Harper, Castillo and Clark_36"
wwilliams209,Circulo_Pineda-Duncan_760
matthewrodriguez973,Circulo_Harris-Allen_141
heathersanders651,Circulo_Gray-Smith_139
hamiltonjoel71,Circulo_Mitchell-Randolph_934
wilsonwilliam812,Circulo_Duarte LLC_678
dananelson192,Circulo_Lee-Luna_626
campbellcolleen638,Circulo_Lee LLC_659
donnageorge575,"Circulo_Sullivan, Thomas and Leach_521"
qhenderson895,"Circulo_Williams, Beck and Barajas_713"
kathleenrodriguez665,Circulo_Frank LLC_546
judithhernandez816,"Circulo_Peters, Burton and Miranda_843"
thomasharris436,Circulo_Ferguson-Henderson_537
richard50496,"Circulo_Kim, Patel and Ramos_735"
walkercorey868,"Circulo_Carroll, Dean and Moore_864"
jessicaellis145,"Circulo_Pena, Rice and King_422"
alexbender692,Circulo_Huynh-Clark_709
richardrodriguez780,Circulo_Lee Group_675
mcclurejimmy495,"Circulo_Hernandez, Alvarez and Hayes_963"
williemartinez989,Circulo_Boyd-Johnson_639
sherry81164,Circulo_Armstrong Group_516
tbrady779,"Circulo_Mclaughlin, Rich and Ortiz_160"
george40139,Circulo_Waters PLC_697
holmespaul906,"Circulo_Morris, Ryan and Frost_992"
mallorythompson307,"Circulo_Soto, Wells and Hall_757"
melissa11449,Circulo_Stevenson Group_565
ywright115,Circulo_Miller-Harrell_193
jennasalas790,"Circulo_Wright, Smith and Cunningham_112"
allisonmartinez154,"Circulo_Wilson, Burton and Williams_194"
sjenkins855,Circulo_Martin-Patel_766
ubennett931,Circulo_Gonzalez LLC_72
stacy29912,Circulo_Alexander PLC_412
nwalker391,Circulo_Lee-Jackson_753
hlynn591,Circulo_Tucker Inc_500
qbrown539,Circulo_Wilson-Davenport_441
thomaswalters584,"Circulo_Baker, Durham and Johnson_786"
jjohnson195,"Circulo_Sparks, Martin and Schaefer_545"
anthonynewman617,Circulo_Moore LLC_242
greensamantha157,Circulo_Weaver and Sons_832
shieldstimothy200,Circulo_Blackwell-Mitchell_479
knoxantonio319,"Circulo_Tapia, Perez and Lopez_264"
dianewilliams739,Circulo_Wright-Stewart_335
tsmith472,"Circulo_Turner, Mcmahon and Dominguez_541"
elizabeth65867,Circulo_Gomez-Dorsey_984
suttonpaul480,Circulo_Barber-Barry_535
uyoung401,Circulo_Hoover and Sons_692
jose40958,"Circulo_Galvan, Harper and Patrick_109"
stacey41632,Circulo_Acosta PLC_97
jeffrey87966,Circulo_Simon-Richards_127
kiara11316,Circulo_Paul-Wells_252
april9363,Circulo_Miller-Mckinney_962
davidfleming507,Circulo_Wright-Small_460
amandaadams335,Circulo_Stevens PLC_282
gtaylor14,"Circulo_Smith, Krause and Garcia_998"
richardpatterson230,Circulo_Johnson-Gonzales_318
todd86763,Circulo_Vega PLC_960
panderson982,Circulo_Cummings-Davis_752
fishertiffany453,"Circulo_White, Miller and Martinez_993"
lindamoses974,Circulo_Cantrell and Sons_25
davisrobert560,Circulo_Russell-Ayala_837
rebecca88842,Circulo_Munoz Inc_991
dvazquez581,Circulo_Johnson-Gonzales_318
thompsonrichard380,"Circulo_Wong, Davis and Murphy_484"
halljames41,Circulo_Johnson Ltd_811
vaughnbenjamin321,Circulo_Williams-Wagner_177
zbrooks546,Circulo_Williams Inc_573
ashley0651,Circulo_Jimenez and Sons_548
rebekah04332,Circulo_Willis PLC_986
markphelps208,"Circulo_Navarro, Young and Hardy_559"
vincent57506,Circulo_Jackson-Henderson_524
thamilton613,Circulo_Kaiser-Compton_505
hudsonaaron381,Circulo_Paul-Wells_252
austinjoseph930,"Circulo_Sweeney, Zamora and Burgess_64"
rfranklin776,Circulo_Daniels-Hunter_378
alucas844,Circulo_Weaver and Sons_832
garciacraig172,"Circulo_Harper, Castillo and Clark_36"
steven73578,"Circulo_Turner, Mcmahon and Dominguez_541"
jacob52348,Circulo_Armstrong Ltd_956
lisa15878,Circulo_Williams Inc_52
zchambers717,"Circulo_Lyons, Brooks and Garner_664"
harriserin107,Circulo_Doyle-Cobb_542
ericcochran37,Circulo_Jones-Marquez_553
abigailjones769,Circulo_Houston and Sons_499
jamesmarshall903,Circulo_Doyle-Cobb_542
christina57232,"Circulo_Erickson, Lynch and Hernandez_288"
griffinjacob210,Circulo_Hood PLC_886
tavery983,"Circulo_Mitchell, Kelley and Gates_789"
evansjessica963,Circulo_Becker and Sons_671
kellifrederick233,"Circulo_Hanna, Mitchell and Juarez_85"
john02703,Circulo_Meyers LLC_724
angela31876,Circulo_Mcbride-Miles_667
thomasmolina932,Circulo_Gibbs and Sons_218
deannapatterson473,"Circulo_Jones, Mcfarland and Roberts_503"
ndavis579,Circulo_Stevenson Group_565
sawyerronald403,"Circulo_Chan, Peterson and Ramirez_344"
amanda9091,Circulo_Griffith Ltd_336
whitneysean770,Circulo_Patrick LLC_437
thompsondeanna198,Circulo_Sanchez LLC_476
emily67291,"Circulo_Payne, May and Hernandez_388"
crystal32345,"Circulo_Smith, Carpenter and Stevens_99"
kellerjill778,Circulo_Watts Ltd_183
higginsshawn887,Circulo_Green Inc_576
gstevenson833,Circulo_Erickson Group_595
tracy81819,Circulo_Griffith Ltd_336
curtisjohn484,Circulo_Hartman LLC_411
meyerskimberly971,"Circulo_Chavez, Perez and Anderson_977"
phayes356,Circulo_Potter-Moore_696
durhamtammy715,Circulo_Williams-Brock_353
christianjohns917,"Circulo_Watkins, Little and Martin_534"
victoriaward337,Circulo_Stewart Group_76
hughesjustin212,Circulo_Daniels PLC_231
walkermark522,Circulo_Washington-Richardson_413
gthompson8,Circulo_Banks LLC_645
trevor02463,Circulo_Hill Group_474
michael81972,Circulo_Richards-Brandt_756
garcialarry500,Circulo_Duarte Group_268
felicia90156,Circulo_Taylor Group_327
lsanders5,Circulo_Duarte LLC_678
emata680,"Circulo_Yu, Martinez and Brown_368"
jeromejohnson943,Circulo_Wallace-Lane_174
johnathancannon898,Circulo_Young-Smith_610
bryanfields896,Circulo_Allen-Clark_823
ndoyle663,"Circulo_Curtis, Wilson and Griffith_568"
fernandezlaura211,Circulo_Kane-Rivera_269
david95693,Circulo_Burke-Moore_873
walkerjared603,Circulo_Orr-Johnson_555
fharmon281,Circulo_May-Porter_449
donna15395,Circulo_Brown-James_783
maxwellrandy371,"Circulo_Brooks, Moore and Dean_393"
walter78924,Circulo_Palmer and Sons_567
harrisrebecca404,Circulo_Flores Group_244
mstone366,Circulo_Young Inc_806
martinezvalerie941,Circulo_Williams-Mckee_740
sierramartin899,"Circulo_Soto, Wells and Hall_757"
gregorychase402,Circulo_Miller-Mckinney_962
maddoxemily492,Circulo_Harding Inc_866
jane40706,"Circulo_Freeman, Turner and Gonzalez_928"
fyang180,"Circulo_Anderson, Castro and Cook_417"
davisjeffery439,Circulo_Hudson LLC_517
murphymitchell952,"Circulo_Galvan, Harper and Patrick_109"
troyhutchinson631,Circulo_James Inc_250
tina25991,Circulo_Jones and Sons_206
mariah73185,Circulo_Cantrell and Sons_25
nataliereyes95,Circulo_Mcgee-Knapp_202
annjones704,Circulo_Williams-Thompson_478
wharvey260,Circulo_Benson Ltd_552
sally44314,Circulo_Lee LLC_659
jessicaterry174,"Circulo_Schultz, Lopez and Martin_605"
bethanysmith808,"Circulo_Brown, Graham and Payne_54"
johnmartinez854,"Circulo_Fisher, Booth and Walker_235"
kayleehenry813,Circulo_Vaughn and Sons_876
washingtonalexis427,"Circulo_Watson, Scott and Simon_587"
silvahannah199,Circulo_Hanson-Vance_932
calebgarrett514,Circulo_Herrera PLC_214
nnelson737,"Circulo_Carter, Shepard and Chapman_362"
gary04992,Circulo_May-Porter_449
hrobinson456,Circulo_Henry Group_949
alexander70483,Circulo_Soto-Alvarez_871
kevinrodgers217,Circulo_Jimenez and Sons_548
austinrhodes628,Circulo_Martin-Patel_766
yfitzgerald588,Circulo_Strong-Ross_732
coryhaynes288,Circulo_Mcdonald-Johnson_907
htapia50,Circulo_Manning-Henry_150
alex86464,"Circulo_Jones, Robinson and Ross_188"
johnsonchristopher289,Circulo_Vasquez Group_707
thoward0,Circulo_Huynh-Greene_219
zachary47849,Circulo_Tran-Garcia_167
lisahurst871,"Circulo_Yu, Martinez and Brown_368"
juliabeltran946,Circulo_Oconnor Ltd_630
csmith935,"Circulo_Hubbard, Wilson and Doyle_743"
ibaker530,Circulo_Cooper Inc_939
timothyburns995,"Circulo_Davis, Harris and Smith_507"
cabrerarebecca873,Circulo_Wright-Stewart_335
curtis37541,"Circulo_Castillo, Carter and Hancock_759"
angela82379,"Circulo_Jimenez, Hart and Harris_719"
vasquezjustin388,Circulo_Mccarty Inc_797
davidgutierrez841,Circulo_Gonzalez Inc_430
wroberts623,Circulo_Flores Group_244
ginaruiz460,Circulo_Smith-Duran_427
buckjoseph242,Circulo_Johnston-Torres_835
ngilmore258,Circulo_Davis and Sons_943
ericcrawford551,"Circulo_Lucas, Cook and Rivera_181"
morganmichael788,Circulo_Obrien Ltd_632
marcussmall542,Circulo_Williams-Brock_353
ericaibarra923,Circulo_Richards-Brandt_756
rhenderson716,"Circulo_Mcbride, Pratt and Guzman_937"
zbonilla364,Circulo_Osborne LLC_315
jim26283,"Circulo_Mckenzie, Johnson and Owens_582"
ujohnson169,Circulo_Martinez-Frye_612
cprice77,Circulo_Hartman-Wright_92
martinezgrant774,Circulo_Kennedy and Sons_301
benitezkenneth523,Circulo_Rice PLC_661
mmiller127,Circulo_Bradford-Ramirez_134
johnsonryan619,Circulo_Gomez-Kirby_406
matthew46318,Circulo_Cochran PLC_3
johnholt203,"Circulo_Brooks, Moore and Dean_393"
fboyer411,Circulo_Dominguez-Gordon_15
turnererica450,Circulo_Roberts Inc_156
sherryrose168,Circulo_Tran-Garcia_167
catherine88447,Circulo_Patel-Russell_985
marshallricky313,Circulo_Watson and Sons_323
hadams947,"Circulo_Moreno, Fox and Donovan_345"
keith15368,"Circulo_Mccall, Armstrong and Tucker_594"
bonnielopez446,"Circulo_Wilson, Hernandez and Oconnor_603"
judith17720,"Circulo_Johnson, Mills and Deleon_121"
williamsonhunter832,Circulo_Kennedy and Sons_301
sweeneyalicia677,Circulo_Carey Ltd_78
jeffreylong441,Circulo_Waters PLC_697
ysims950,Circulo_Evans Inc_337
moorechristopher10,Circulo_Hester and Sons_71
bowen312,"Circulo_Figueroa, Smith and Stewart_34"
smithjuan53,"Circulo_Long, Wagner and Sanford_456"
martinezjoseph426,Circulo_Moore LLC_242
pollarddonna609,Circulo_Davis PLC_182
whitecarlos150,Circulo_Charles-Hill_721
morgan17682,Circulo_Washington-Richardson_413
wharris643,"Circulo_Patel, Thomas and Salinas_850"
iholt561,"Circulo_Moore, Arnold and Hess_564"
gambleadam216,Circulo_Brown and Sons_158
cnorris649,Circulo_Cook-Garcia_622
mreilly435,Circulo_Long PLC_833
tyler10181,Circulo_Wolfe-Gonzalez_82
vincent3726,Circulo_Johnson LLC_691
taylordevon824,Circulo_Ferguson-Henderson_537
hannahharris274,Circulo_Gray-Smith_139
nhernandez743,"Circulo_Brown, Graham and Payne_54"
jandrews764,Circulo_Richards-Brandt_756
williamskelly913,"Circulo_Young, Zimmerman and Clark_599"
richard37499,"Circulo_Watson, Scott and Simon_587"
buchananjoseph420,Circulo_Williams Ltd_339
webbcaitlin862,Circulo_Hester and Sons_71
victoria05960,Circulo_Miller-Taylor_979
lisamckenzie110,Circulo_Cummings-Davis_752
brandonsmith904,"Circulo_Martinez, Morgan and Weeks_149"
taylorluke641,Circulo_Fowler-Richards_321
milesdiane33,Circulo_Stanley-Prince_95
gsummers66,"Circulo_Frye, Smith and Peterson_475"
wreynolds111,Circulo_Little-Cook_450
john44939,Circulo_Miller PLC_307
laurie88410,Circulo_Rivas Inc_343
ggreene801,"Circulo_Bailey, Williams and Jackson_704"
langbarbara568,"Circulo_Navarro, Young and Hardy_559"
kennedymary295,"Circulo_Mcbride, Pratt and Guzman_937"
iweiss634,"Circulo_Watkins, Little and Martin_534"
vkline740,Circulo_Williams-Brock_353
hpatel186,Circulo_Daniels-Hunter_378
wstewart789,Circulo_Hernandez-Davis_98
morrismelissa976,Circulo_Woodard Ltd_19
michelle39267,"Circulo_Garner, Lane and Nelson_170"
ryanhartman129,Circulo_Hubbard-Thomas_851
lklein170,"Circulo_Huang, Conner and Brown_142"
shannonarmstrong238,Circulo_Klein Ltd_452
nmartinez498,"Circulo_Spencer, Carr and Ball_562"
goulderic284,Circulo_Travis-Ayala_830
morenomelissa734,"Circulo_Edwards, Owen and Simmons_872"
paul36614,"Circulo_Jones, Robinson and Ross_188"
omurphy535,"Circulo_Hays, Williams and Allen_860"
jeffreyrivera818,Circulo_Clay and Sons_117
pollardkelly392,Circulo_King Group_798
aaron03594,Circulo_Houston and Sons_499
murphydaniel659,Circulo_Strong-Ross_732
emily19176,"Circulo_Hart, Padilla and Morales_982"
xwallace167,"Circulo_Lloyd, Morales and Norris_892"
lbooker685,Circulo_Peterson and Sons_221
brandon90161,"Circulo_Hanna, Mitchell and Juarez_85"
dwatkins911,"Circulo_Kemp, Zimmerman and Thomas_208"
tharrington762,"Circulo_Wilson, Guzman and Davis_765"
jhurst712,"Circulo_Wilson, Kerr and Espinoza_144"
larsentravis353,Circulo_Gregory-Juarez_171
ftucker975,Circulo_Santana Ltd_615
warnerjames417,Circulo_Miller PLC_307
aodonnell723,Circulo_Hall-Lee_900
kristenriley311,Circulo_Hooper-Sanders_328
millervirginia524,Circulo_Williams-Wagner_177
hortoncody374,Circulo_Mcclain-Monroe_96
jonesbrandy135,Circulo_Nolan-Tyler_868
estradalindsay467,"Circulo_Long, Wagner and Sanford_456"
jonesmelissa660,"Circulo_Navarro, Arias and Lowe_178"
michael33673,Circulo_Gill PLC_718
meganacosta351,"Circulo_Swanson, Thomas and Perez_646"
joshua12592,"Circulo_Levy, Steele and Ritter_229"
rjohnson452,"Circulo_Young, Gray and Vincent_349"
nancy90742,"Circulo_Novak, Miller and Hoover_572"
sydney74285,Circulo_Arellano and Sons_199
ncastillo375,Circulo_Schroeder-Daniels_364
ageorge443,Circulo_Watts Ltd_183
nicolegreen202,Circulo_Yates-Owen_120
mcgeedenise767,Circulo_Davis and Sons_943
jacobpeterson121,Circulo_Martinez-Clark_444
colemanjudy870,Circulo_Phillips-Hunter_415
ytaylor65,Circulo_Hughes-Smith_881
brent294,Circulo_Armstrong Ltd_956
jonesglenda718,"Circulo_Simpson, Ibarra and Davis_232"
sotojorge165,"Circulo_Ramirez, Marsh and Carlson_238"
vincentward179,Circulo_Tate-Lopez_655
marisarobinson130,Circulo_Wolf-Powers_635
bartonjustin190,Circulo_Lee-Arnold_687
thomasmelissa955,Circulo_Gonzalez-Butler_485
qmiller457,"Circulo_Harris, Beltran and Andrews_923"
robert91503,Circulo_Huynh-Greene_219
dixonjonathan563,Circulo_Smith Inc_24
jason26272,"Circulo_Barrett, Edwards and Duke_165"
evansbeth859,Circulo_Kennedy and Sons_301
pettyjames981,"Circulo_Lewis, Duncan and Williams_67"
qscott326,Circulo_Pruitt Inc_249
theresasantos782,"Circulo_Williams, Beck and Barajas_713"
becky96108,Circulo_Robertson and Sons_852
uhuff604,"Circulo_Roth, Hunt and Hart_2"
livingstonalyssa99,"Circulo_Farmer, Lopez and Quinn_65"
williamcaldwell698,Circulo_Robinson LLC_627
jason63414,Circulo_Lee-Miller_459
hendersondaniel721,Circulo_Dean-Ramos_844
nathancannon286,"Circulo_Garcia, Merritt and Bonilla_347"
xmccarty577,Circulo_Weber-Knight_754
bwagner40,Circulo_Freeman and Sons_584
palmerstephanie795,Circulo_Long Inc_204
ginamckenzie78,Circulo_Clark-Green_700
montoyadeborah607,Circulo_Flores Group_244
amymcdonald29,Circulo_Davis-Hays_723
laurenchung527,Circulo_Stevenson-Rodriguez_416
xbaker234,Circulo_Gill PLC_718
serranochelsea825,"Circulo_Smith, Williamson and Long_369"
wjohnson342,Circulo_Curtis PLC_468
cchavez910,Circulo_Dominguez-Gordon_15
christopher57471,Circulo_May-Porter_449
hernandezsheila298,"Circulo_Underwood, Peters and Ross_464"
kathrynburns509,Circulo_Myers-Taylor_628
odomrachel201,Circulo_Moreno-Jones_899
rgarcia132,"Circulo_Miller, Miranda and Powell_340"
abigail83929,Circulo_Hester and Sons_71
david03572,"Circulo_Pena, Rice and King_422"
timothy97565,"Circulo_Wilson, Burton and Williams_194"
vpham549,Circulo_Williams-Lee_55
natalie20187,Circulo_Roberts Inc_156
david10219,"Circulo_Bowen, Johnson and Simpson_226"
katelynandersen537,Circulo_Lowery PLC_591
anita41231,Circulo_Archer-Barrera_107
janet03725,Circulo_Clark-Kerr_777
danawilliams582,Circulo_Clark-Adams_925
williamschristine454,Circulo_King Group_798
hvalencia114,"Circulo_Harper, Castillo and Clark_36"
vbentley254,"Circulo_Kemp, Zimmerman and Thomas_208"
john60869,"Circulo_Small, Owens and Kaufman_239"
brownstephanie438,Circulo_Patterson-Martinez_255
kim54406,Circulo_Diaz-Smith_513
carterjenna515,"Circulo_Williams, Wong and Smith_147"
annamora922,"Circulo_Bryan, Martinez and Lee_311"
xrich354,Circulo_Stevenson Group_565
timothytaylor341,"Circulo_Larson, Munoz and Johnson_945"
ryan33916,Circulo_Carlson-Miller_403
jeanettebraun814,Circulo_Garcia and Sons_775
eford378,Circulo_Martinez-Smith_284
robertallen98,"Circulo_Nguyen, English and Parks_10"
jasonrosario926,Circulo_Perez-Richards_230
xnavarro800,"Circulo_Brown, Graham and Payne_54"
pgiles69,"Circulo_Small, Owens and Kaufman_239"
daniel99193,Circulo_Santana Ltd_615
jamie94823,"Circulo_Wilson, Hernandez and Oconnor_603"
jeff40589,"Circulo_Spencer, Carr and Ball_562"
evansmichael431,Circulo_Dyer-Nichols_404
wellsrobert434,Circulo_Wright Group_110
parkeradam227,Circulo_Edwards-Hunter_946
bushtravis701,Circulo_Orr-Johnson_555
ashley09954,Circulo_Spencer Group_981
prodriguez413,Circulo_Anderson-Richard_657
mortontimothy259,Circulo_Mitchell-Randolph_934
brittany18517,Circulo_Wilson Ltd_689
michael03245,Circulo_Smith Inc_24
stephen17137,Circulo_Soto Group_598
igray440,Circulo_Porter-Herrera_168
ohoward409,"Circulo_Navarro, Arias and Lowe_178"
barnesronald94,Circulo_Roberts Inc_914
christiegarcia501,Circulo_Hall Inc_248
thoover20,Circulo_Hooper-Sanders_328
ghardy915,"Circulo_Bishop, Acosta and Carroll_801"
aguilarstephanie747,"Circulo_Wright, Smith and Cunningham_112"
freemankathleen965,Circulo_Payne-Anderson_137
brandonlogan548,Circulo_Gray LLC_350
allison53670,Circulo_Anthony-Hernandez_420
mcknighttina633,Circulo_Herrera PLC_214
hollydavis787,"Circulo_Gay, Cruz and Lopez_421"
peter58857,Circulo_Turner Inc_896
steven6422,Circulo_Roberts-Sanchez_909
luisscott802,Circulo_Lucas PLC_401
tsullivan620,"Circulo_Barron, Berger and Reyes_39"
mary87666,"Circulo_Gay, Cruz and Lopez_421"
huffmanmichael741,Circulo_Walls-Gonzalez_942
qmoon637,Circulo_Thompson Inc_902
ramirezchristine34,"Circulo_Whitehead, Andrews and Johnson_391"
leonmelanie429,Circulo_Hartman-Wright_92
thomashess908,Circulo_Potter-Moore_696
kimberly99664,"Circulo_Nguyen, English and Parks_10"
brenda39162,Circulo_Myers-Taylor_628
marvin26986,Circulo_Waters Inc_621
anna40590,Circulo_Clay and Sons_117
jgalloway700,Circulo_Rose-Wilcox_878
ryanrodriguez194,Circulo_Osborne LLC_315
vking938,Circulo_Church-Morrison_808
richardsonkenneth330,Circulo_Hill Group_474
hudsondavid639,"Circulo_Williamson, Reynolds and Thompson_590"
knightveronica419,Circulo_Sanchez LLC_476
marymartin746,Circulo_Harding Inc_866
lgutierrez155,Circulo_Bowers-Price_260
sarawalters428,"Circulo_Edwards, Owen and Simmons_872"
phillipsbenjamin241,"Circulo_Galvan, Harper and Patrick_109"
ladams933,Circulo_Lee Inc_579
robert9484,Circulo_Lucas-Reed_526
charleswashington735,Circulo_Hubbard-Thomas_851
kchapman618,Circulo_Dyer-Nichols_404
garrettdeborah271,"Circulo_Freeman, Carter and Logan_816"
burnettdarrell826,"Circulo_Rollins, Larson and Jarvis_273"
romangina761,"Circulo_Small, Owens and Kaufman_239"
dorseyrussell257,Circulo_Manning PLC_642
qwalker834,"Circulo_Taylor, Torres and Maldonado_958"
courtneyjones544,Circulo_Bennett Inc_858
carolyn96222,"Circulo_Evans, Booth and Duncan_157"
rodriguezchristopher642,Circulo_Williams Inc_976
cranebenjamin386,Circulo_Young Inc_558
sevans213,Circulo_Mcgee-Knapp_202
etorres158,Circulo_Hughes-Smith_881
elizabeth36278,Circulo_Myers LLC_819
stewartrichard220,"Circulo_Larson, Munoz and Johnson_945"
cristina55207,Circulo_Castro Group_361
jgreen586,"Circulo_Thompson, Johnson and Love_905"
greenethomas647,Circulo_Gregory-Juarez_171
lharris15,Circulo_May-Johnston_495
kellyfrederick558,Circulo_Orr-Johnson_555
walter9839,Circulo_Burke-Moore_873
npollard256,Circulo_Palmer-Miller_116
erinbanks796,Circulo_Smith-Lambert_17
kpratt56,Circulo_Stewart Group_76
jamesfarmer448,Circulo_Thornton-Conley_861
jacqueline26914,Circulo_Buck-Green_423
leemichael336,Circulo_Vaughan Ltd_574
rorozco151,"Circulo_Newman, Ware and Davis_904"
qmorgan987,Circulo_Blevins-Martin_312
smurillo999,"Circulo_Smith, Krause and Garcia_998"
susan90196,"Circulo_Sweeney, Zamora and Burgess_64"
dixonmichael793,Circulo_Stanley and Sons_924
reginaanderson45,Circulo_Tate-Murray_780
alecerickson820,"Circulo_Jones, Hart and Moore_712"
dana68696,Circulo_Logan LLC_857
brewerdenise393,"Circulo_Williams, Beck and Barajas_713"
tadams159,Circulo_Smith-Suarez_717
sean89243,Circulo_Powers-Johnson_60
jennifer45333,"Circulo_Colon, Lawson and Bowers_490"
judith18690,Circulo_Davis-Anderson_9
lawsonrobert925,"Circulo_Jones, Hart and Moore_712"
erikanelson650,"Circulo_Jones, Mcfarland and Roberts_503"
ccain505,Circulo_Williams Inc_573
elliottmarco851,"Circulo_Miller, Miranda and Powell_340"
amy98418,"Circulo_Hanna, Mitchell and Juarez_85"
adam48461,Circulo_Palmer-Hall_387
terribarnes123,"Circulo_Moody, Ortiz and Ward_742"
samantha05978,"Circulo_Johnston, Morris and Simpson_66"
moralesvanessa714,"Circulo_Navarro, Young and Hardy_559"
tsanchez942,"Circulo_Wilson, Lloyd and Allen_523"
michaelwalters510,Circulo_Collier Ltd_445
meagan43183,"Circulo_Morris, Ryan and Frost_992"
inolan93,Circulo_Gill PLC_718
wnicholson547,Circulo_Hamilton-Sandoval_402
ogates23,"Circulo_Brown, Graham and Payne_54"
jasminevega839,"Circulo_Love, Gonzalez and Cook_38"
cnorman783,Circulo_Archer-Johnson_300
ecantu918,"Circulo_Holt, Porter and Brown_439"
shannonnavarro263,"Circulo_Patel, Thomas and Salinas_850"
qmolina485,Circulo_Mendez-Cantu_200
fbrown994,Circulo_Myers and Sons_836
tonya49144,Circulo_Smith Inc_140
bankstony482,Circulo_Mendoza Inc_941
harriscarrie47,Circulo_Contreras-Gray_357
xanderson733,Circulo_Underwood-Mills_770
scott33688,Circulo_Mcclure LLC_203
kristymcdaniel262,"Circulo_Parks, Graham and Jackson_472"
sydney24478,"Circulo_Johnson, Carter and White_211"
smithamanda600,"Circulo_Harris, Smith and Johnson_293"
jennydonaldson901,Circulo_Potts-Garcia_682
mark06736,Circulo_Roberts Inc_914
oramirez2,Circulo_Ross LLC_84
brian8464,Circulo_Williams-Thompson_478
steven41109,Circulo_Smith-Williams_89
smiles807,Circulo_Nelson LLC_975
jennifer75442,Circulo_Williams-Duke_888
danielstevens252,"Circulo_Davis, Richards and Hensley_935"
heathermatthews571,"Circulo_Watkins, Holmes and Curtis_438"
kenneth93486,Circulo_Armstrong Group_516
wilsonmichael504,"Circulo_Torres, Nicholson and White_751"
austin58993,"Circulo_Garcia, Morrow and Johnson_764"
amanda87984,Circulo_Rich-Melendez_326
kylecook529,"Circulo_Newman, Ware and Davis_904"
sbryant852,Circulo_Gray-Allison_947
uarroyo67,Circulo_Hartman LLC_411
igreen985,Circulo_Martin-Patel_766
fgordon340,"Circulo_Thomas, Vaughn and Howe_26"
michaeldavis564,"Circulo_Barber, Landry and Williams_470"
smithsara100,Circulo_Stevenson Group_565
sarah61750,Circulo_Watkins PLC_29
alexandrasmith909,Circulo_Hooper-Sanders_328
hunter30171,Circulo_Hughes Inc_588
zferrell178,Circulo_Small Ltd_257
tinasmith385,"Circulo_Baker, Peterson and Smith_108"
wreilly749,"Circulo_Edwards, Waller and Hamilton_408"
tyoung422,"Circulo_Smith, Gilbert and Smith_649"
kolsen771,Circulo_Young Inc_806
sanchezsean405,Circulo_Hunt-Collins_856
williamsjulia830,Circulo_Osborne PLC_159
christinebrooks462,Circulo_Holland-Park_496
stephanieflores54,Circulo_Rojas and Sons_822
timothy96990,Circulo_Martinez Ltd_731
palmerfrank197,"Circulo_Robertson, Martinez and Mcbride_954"
mcguirechristina555,Circulo_Gonzalez-Scott_367
schultzjennifer248,"Circulo_Barry, Mckee and Odonnell_245"
michael16756,"Circulo_Thompson, Martinez and Brown_418"
williamchoi964,"Circulo_Spencer, Carr and Ball_562"
jacquelinerichards247,Circulo_West Ltd_392
bjimenez433,Circulo_Soto-Alvarez_871
jeffreygould850,Circulo_Powell-Collins_673
reidmike661,Circulo_Williams-Brock_353
catherine74962,Circulo_Greene-West_94
joshuaallen711,Circulo_Thornton-Conley_861
sarabrown235,Circulo_Owens-Brock_711
porterrichard184,"Circulo_Allen, Kelley and Douglas_447"
brettrios937,Circulo_Vasquez LLC_454
lynnmandy494,Circulo_Stanley-Prince_95
smontgomery188,Circulo_Brown and Sons_158
michaelhouston138,Circulo_Fuller Group_241
davisamanda554,"Circulo_Terry, Lewis and Baker_75"
markdudley662,Circulo_Mccarty Inc_797
meghanross880,Circulo_Simmons-Graham_685
robert54574,Circulo_Crawford LLC_463
cooperdavid920,Circulo_Smith-Suarez_717
bailey34781,"Circulo_Cook, Moore and Santos_324"
erikamooney370,"Circulo_Mathis, Perry and Smith_951"
cynthia41777,Circulo_Mcclain and Sons_220
ynelson957,"Circulo_Tapia, Chen and Johnson_124"
gabrielavillarreal52,Circulo_Duncan-Smith_840
jonathan50511,"Circulo_Peters, Burton and Miranda_843"
vasquezantonio122,Circulo_Mcclain-Monroe_96
xmarshall616,Circulo_Banks-Bell_12
hhall697,Circulo_Elliott-Cameron_967
sean25602,Circulo_Salinas PLC_919
jessicaanderson3,Circulo_Aguirre-Obrien_400
daryl39182,Circulo_Cochran Group_520
nicholeevans470,"Circulo_Barber, Landry and Williams_470"
xpeterson249,"Circulo_Miller, Miranda and Powell_340"
kristin10105,"Circulo_Tapia, Chen and Johnson_124"
toni95329,"Circulo_Love, Stephens and Douglas_522"
justin25748,Circulo_Hill-Gregory_33
tracy15365,Circulo_Stone-Walker_280
annette79477,Circulo_Williams-Wagner_177
sherryhancock390,"Circulo_Mckenzie, Johnson and Owens_582"
jasonperez640,"Circulo_Huang, Conner and Brown_142"
fostertaylor959,"Circulo_Oneill, Harris and Davis_550"
wcabrera520,Circulo_Cross LLC_498
sheila17261,Circulo_Williams Inc_976
darrendaniels980,"Circulo_Griffin, Perkins and Russell_57"
leewilliam459,Circulo_Hill-Gregory_33
justin55479,"Circulo_Olson, Paul and Donovan_431"
nancy7857,"Circulo_Bennett, Herring and Torres_827"
morganamanda757,Circulo_Pruitt Inc_249
erinwilliams988,Circulo_Carpenter-Maxwell_695
rogersstephanie73,Circulo_Miller-Davis_186
mullenrebecca656,Circulo_Murray Ltd_920
oliverrachael70,Circulo_Faulkner Inc_774
gomezlisa611,"Circulo_Moody, Ortiz and Ward_742"
andersonbrittany310,Circulo_Stout Inc_538
burnsjessica287,Circulo_May Ltd_772
jenniferhughes768,Circulo_Sanchez LLC_476
robertdavis279,Circulo_Gonzalez-Butler_485
gwebb88,"Circulo_Harris, Smith and Johnson_293"
austinbonnie884,"Circulo_Holt, Porter and Brown_439"
schroedermegan934,Circulo_Thomas-Morgan_747
bwhite113,Circulo_Wright-Small_460
shane26382,Circulo_Lee-Arnold_687
pamcoleman125,Circulo_Potter and Sons_146
olee751,"Circulo_Koch, Murillo and Holt_995"
cruzjason521,Circulo_David-Medina_261
tnelson423,"Circulo_Castillo, Carter and Hancock_759"
russelllang837,Circulo_Soto Group_598
fritzterry658,Circulo_Benson Ltd_552
olsonerika940,"Circulo_Lyons, Brooks and Garner_664"
breannachavez803,Circulo_Mcdonald-Johnson_907
michaellawrence675,Circulo_Daniels PLC_231
nconley652,Circulo_Skinner PLC_641
gdavid951,Circulo_Morrow-Hammond_684
carlsonchristopher118,Circulo_Dean-Ramos_844
sonyarobinson710,Circulo_Wells and Sons_847
posborne117,Circulo_Wright-Jones_533
rsmith784,Circulo_Bishop Inc_880
esosa104,Circulo_Smith-Smith_434
smithaaron519,"Circulo_Torres, Lucas and Daniels_497"
jacob32399,Circulo_Conner Group_509
charles29953,Circulo_Long Inc_204
eguzman407,Circulo_Banks LLC_645
carlsonrandall726,Circulo_Stanley and Sons_924
wayne07998,"Circulo_Jones, Hart and Moore_712"
ogonzalez421,Circulo_Spears-Anthony_978
melissaperez76,Circulo_Houston and Sons_499
dtran142,"Circulo_Hanna, Mitchell and Juarez_85"
markwatson759,Circulo_Reese-Cameron_399
johnsonwilliam81,"Circulo_Mcgee, Young and Henderson_826"
ptucker562,Circulo_Hanson-Vance_932
higginseric437,"Circulo_Thompson, Frank and Jensen_716"
courtney12424,"Circulo_Kim, Fields and Hill_354"
dfischer699,Circulo_Payne-Le_670
taramorrison343,Circulo_Chapman LLC_297
qbridges502,Circulo_Daniels-Hunter_378
jennifer907,Circulo_Patterson-Martinez_255
fmiller360,Circulo_Wagner-Mcdonald_983
mullinswyatt17,"Circulo_Roth, Hunt and Hart_2"
tuckerjudith124,Circulo_Diaz-Ramirez_279
tanya95792,"Circulo_Yu, Martinez and Brown_368"
michelle59610,"Circulo_Lewis, Duncan and Williams_67"
mistycarter239,"Circulo_Harris, Cruz and Sims_669"
mitchell32997,Circulo_Olson-Garcia_295
katherine88160,Circulo_Wright-Vasquez_681
barnesmichael543,Circulo_Miller Ltd_216
tommykelly246,Circulo_Huynh-Young_728
macdonaldelizabeth599,Circulo_Morgan PLC_385
dsantos745,Circulo_Austin PLC_913
ccross872,Circulo_Simmons-Graham_685
