numero,isPremium,H1_Po_nombre,H1_nombre,H2_Po_nombre,H2_nombre
1,True,Pokemon_Keith_904,Skin_68_mean,Pokemon_Courtney_338,Skin_753_commercial
2,True,Pokemon_Yvette_488,Skin_852_present,Pokemon_Hannah_598,Skin_52_site
3,True,Pokemon_Anna_703,Skin_768_build,Pokemon_John_860,Skin_877_attack
4,False,Pokemon_Richard_964,Skin_668_worker,Pokemon_Sandra_447,Skin_652_product
5,True,Pokemon_Crystal_273,Skin_276_program,Pokemon_Brianna_193,Skin_789_stuff
6,True,Pokemon_April_89,Skin_967_similar,Pokemon_Keith_904,Skin_254_tend
7,False,Pokemon_Kristen_162,Skin_826_its,Pokemon_Alexander_507,Skin_10_actually
8,False,Pokemon_Connie_281,Skin_862_business,Pokemon_Nathan_134,Skin_310_Democrat
9,False,Pokemon_Frank_86,Skin_33_write,Pokemon_James_777,Skin_153_expert
10,False,Pokemon_Jenna_40,Skin_737_of,Pokemon_Daniel_262,Skin_559_environmental
11,False,Pokemon_Ashlee_265,Skin_502_population,Pokemon_Brandon_399,Skin_620_attack
12,False,Pokemon_Phillip_301,Skin_4_hair,Pokemon_Krystal_472,Skin_646_writer
13,True,Pokemon_Holly_752,Skin_221_ready,Pokemon_Judith_417,Skin_41_effort
14,True,Pokemon_Christopher_586,Skin_888_responsibility,Pokemon_James_777,Skin_716_check
15,True,Pokemon_Zachary_130,Skin_7_best,Pokemon_Tyler_92,Skin_817_response
16,True,Pokemon_Kathy_680,Skin_440_reveal,Pokemon_Curtis_811,Skin_809_firm
17,False,Pokemon_Fernando_224,Skin_143_his,Pokemon_Elizabeth_470,Skin_750_interesting
18,False,Pokemon_Terri_673,Skin_108_traditional,Pokemon_Steven_566,Skin_240_himself
19,True,Pokemon_Mark_518,Skin_724_road,Pokemon_Kurt_794,Skin_504_land
20,False,Pokemon_Melissa_397,Skin_287_feeling,Pokemon_Steven_566,Skin_519_key
21,True,Pokemon_Sarah_638,Skin_712_push,Pokemon_Andrew_23,Skin_867_agree
22,False,Pokemon_Lisa_975,Skin_187_no,Pokemon_Christopher_82,Skin_19_soon
23,False,Pokemon_Lisa_306,Skin_104_network,Pokemon_April_570,Skin_159_care
24,True,Pokemon_Dalton_539,Skin_689_prevent,Pokemon_Kristy_762,Skin_382_human
25,True,Pokemon_Leah_880,Skin_758_theory,Pokemon_Bradley_976,Skin_523_water
26,True,Pokemon_Michael_595,Skin_475_drop,Pokemon_Adam_28,Skin_394_their
27,False,Pokemon_Elizabeth_470,Skin_750_interesting,Pokemon_Robert_971,Skin_314_stand
28,True,Pokemon_Laura_402,Skin_540_state,Pokemon_Joseph_141,Skin_155_summer
29,True,Pokemon_Hannah_598,Skin_975_order,Pokemon_Ryan_571,Skin_762_drop
30,False,Pokemon_Michelle_252,Skin_369_west,Pokemon_Sherry_647,Skin_17_defense
31,True,Pokemon_Marco_655,Skin_448_kind,Pokemon_Emily_125,Skin_774_medical
32,True,Pokemon_Kayla_240,Skin_166_receive,Pokemon_Melissa_909,Skin_702_protect
33,False,Pokemon_Lacey_172,Skin_152_water,Pokemon_Julie_137,Skin_622_player
34,True,Pokemon_Jacqueline_313,Skin_325_truth,Pokemon_Maria_960,Skin_899_floor
35,False,Pokemon_Javier_45,Skin_875_throw,Pokemon_Ronald_608,Skin_552_test
36,False,Pokemon_Joshua_467,Skin_434_foot,Pokemon_April_109,Skin_295_protect
37,False,Pokemon_Michelle_879,Skin_296_even,Pokemon_Adam_28,Skin_72_administration
38,True,Pokemon_Rachel_230,Skin_742_song,Pokemon_April_702,Skin_801_whole
39,True,Pokemon_James_395,Skin_257_however,Pokemon_Connor_366,Skin_823_fear
40,False,Pokemon_Todd_482,Skin_91_left,Pokemon_Andrea_186,Skin_501_force
41,True,Pokemon_Frank_775,Skin_532_weight,Pokemon_Shane_458,Skin_691_TV
42,True,Pokemon_April_89,Skin_967_similar,Pokemon_Heather_600,Skin_578_else
43,False,Pokemon_Amanda_88,Skin_388_agency,Pokemon_Kelly_122,Skin_375_hot
44,True,Pokemon_Brandi_642,Skin_630_face,Pokemon_Jay_217,Skin_15_behind
45,True,Pokemon_Nicholas_812,Skin_128_him,Pokemon_Jonathan_747,Skin_203_sing
46,True,Pokemon_Nancy_760,Skin_516_yes,Pokemon_Cole_213,Skin_832_food
47,True,Pokemon_Jack_93,Skin_860_our,Pokemon_James_445,Skin_998_seat
48,True,Pokemon_Monica_923,Skin_902_receive,Pokemon_Jessica_781,Skin_526_can
49,False,Pokemon_Krystal_472,Skin_646_writer,Pokemon_Tammy_25,Skin_138_yeah
50,True,Pokemon_Jay_217,Skin_65_property,Pokemon_Annette_209,Skin_997_think
51,True,Pokemon_Jesse_38,Skin_439_often,Pokemon_Allen_291,Skin_481_election
52,True,Pokemon_Jonathan_460,Skin_667_hair,Pokemon_Katelyn_646,Skin_443_let
53,True,Pokemon_Thomas_958,Skin_348_science,Pokemon_Cynthia_510,Skin_109_general
54,True,Pokemon_Anna_703,Skin_768_build,Pokemon_Adam_28,Skin_72_administration
55,True,Pokemon_Lisa_975,Skin_3_guess,Pokemon_Emily_125,Skin_774_medical
56,True,Pokemon_Yvonne_765,Skin_822_ok,Pokemon_Nicole_639,Skin_764_far
57,True,Pokemon_Ann_241,Skin_320_either,Pokemon_Michele_771,Skin_145_interesting
58,False,Pokemon_Emily_392,Skin_423_history,Pokemon_Christopher_324,Skin_595_wife
59,False,Pokemon_Monica_923,Skin_902_receive,Pokemon_Krista_594,Skin_86_school
60,True,Pokemon_Amanda_88,Skin_35_suffer,Pokemon_Steven_956,Skin_123_growth
61,True,Pokemon_Tabitha_649,Skin_334_small,Pokemon_Ashley_679,Skin_909_plan
62,True,Pokemon_Maria_960,Skin_899_floor,Pokemon_Sean_668,Skin_548_feel
63,False,Pokemon_Mark_74,Skin_993_our,Pokemon_Carolyn_783,Skin_953_page
64,True,Pokemon_Cody_808,Skin_130_sound,Pokemon_Julie_855,Skin_838_somebody
65,False,Pokemon_Katelyn_646,Skin_443_let,Pokemon_Ashley_350,Skin_180_could
66,False,Pokemon_Tiffany_181,Skin_870_half,Pokemon_Michelle_822,Skin_50_drop
67,True,Pokemon_Daniel_170,Skin_759_by,Pokemon_Peggy_774,Skin_224_left
68,True,Pokemon_Nicholas_408,Skin_79_read,Pokemon_Katherine_935,Skin_248_physical
69,False,Pokemon_Casey_816,Skin_634_democratic,Pokemon_Leah_880,Skin_167_picture
70,True,Pokemon_Joseph_682,Skin_472_read,Pokemon_Melissa_992,Skin_478_doctor
71,False,Pokemon_Diamond_863,Skin_11_different,Pokemon_Nicole_639,Skin_376_white
72,False,Pokemon_Robin_256,Skin_562_area,Pokemon_Casey_816,Skin_634_democratic
73,True,Pokemon_Kenneth_3,Skin_436_task,Pokemon_Sharon_400,Skin_266_truth
74,False,Pokemon_Victor_219,Skin_98_skin,Pokemon_Nathaniel_348,Skin_994_house
75,False,Pokemon_Michael_617,Skin_322_spring,Pokemon_Thomas_204,Skin_534_level
76,True,Pokemon_Joseph_891,Skin_59_actually,Pokemon_Wendy_835,Skin_182_draw
77,True,Pokemon_Carolyn_783,Skin_977_term,Pokemon_Maurice_531,Skin_878_concern
78,False,Pokemon_Krista_594,Skin_86_school,Pokemon_Cody_808,Skin_130_sound
79,False,Pokemon_Richard_964,Skin_668_worker,Pokemon_Alexander_507,Skin_663_because
80,True,Pokemon_James_118,Skin_83_feeling,Pokemon_Scott_514,Skin_358_hard
81,True,Pokemon_Kristina_900,Skin_639_education,Pokemon_Jessica_731,Skin_189_fill
82,False,Pokemon_Tiffany_181,Skin_656_floor,Pokemon_Raymond_283,Skin_956_late
83,False,Pokemon_Tiffany_181,Skin_870_half,Pokemon_Heather_713,Skin_495_think
84,True,Pokemon_Leah_880,Skin_892_owner,Pokemon_James_823,Skin_903_space
85,True,Pokemon_Gloria_859,Skin_696_likely,Pokemon_Brianna_473,Skin_451_play
86,False,Pokemon_Laura_597,Skin_884_ball,Pokemon_Jacob_367,Skin_855_likely
87,True,Pokemon_Carlos_990,Skin_9_enough,Pokemon_Marco_655,Skin_448_kind
88,False,Pokemon_Sabrina_314,Skin_24_style,Pokemon_April_702,Skin_735_design
89,False,Pokemon_Heather_600,Skin_497_standard,Pokemon_Sarah_638,Skin_712_push
90,True,Pokemon_Jessica_731,Skin_447_produce,Pokemon_Amber_58,Skin_179_herself
91,False,Pokemon_Connie_73,Skin_511_lay,Pokemon_David_373,Skin_81_decide
92,True,Pokemon_Ashley_179,Skin_76_safe,Pokemon_Alejandro_1,Skin_486_suffer
93,True,Pokemon_Mark_295,Skin_38_human,Pokemon_Kristopher_298,Skin_782_Republican
94,True,Pokemon_Martha_797,Skin_493_company,Pokemon_Adam_28,Skin_394_their
95,False,Pokemon_Maurice_531,Skin_878_concern,Pokemon_Samantha_883,Skin_499_discover
96,False,Pokemon_Mary_787,Skin_101_task,Pokemon_Stephanie_77,Skin_402_customer
97,True,Pokemon_Gregory_107,Skin_409_ever,Pokemon_Carmen_948,Skin_592_where
98,True,Pokemon_Evan_7,Skin_949_especially,Pokemon_Jay_217,Skin_713_the
99,True,Pokemon_Robin_828,Skin_331_nation,Pokemon_Emily_961,Skin_638_cultural
100,True,Pokemon_Jerry_85,Skin_896_wait,Pokemon_Nathan_134,Skin_512_without
101,True,Pokemon_Chad_426,Skin_46_son,Pokemon_Kenneth_953,Skin_901_country
102,True,Pokemon_Robert_582,Skin_433_goal,Pokemon_Alan_831,Skin_988_all
103,True,Pokemon_Edward_56,Skin_732_project,Pokemon_Melissa_780,Skin_431_my
104,False,Pokemon_David_242,Skin_642_director,Pokemon_Mark_817,Skin_350_even
105,True,Pokemon_Joseph_592,Skin_972_heavy,Pokemon_Lisa_975,Skin_187_no
106,False,Pokemon_Samantha_759,Skin_814_garden,Pokemon_Daniel_262,Skin_559_environmental
107,True,Pokemon_Benjamin_340,Skin_514_word,Pokemon_Sara_398,Skin_459_employee
108,False,Pokemon_Daniel_415,Skin_170_power,Pokemon_Sharon_400,Skin_317_star
109,True,Pokemon_Mary_887,Skin_244_hot,Pokemon_Casey_816,Skin_85_matter
110,True,Pokemon_Gina_370,Skin_42_life,Pokemon_Jenna_40,Skin_737_of
111,False,Pokemon_Nancy_760,Skin_516_yes,Pokemon_Tiffany_181,Skin_870_half
112,True,Pokemon_Jonathan_747,Skin_203_sing,Pokemon_Robert_582,Skin_433_goal
113,False,Pokemon_Maria_319,Skin_255_miss,Pokemon_Ryan_571,Skin_762_drop
114,False,Pokemon_Phillip_301,Skin_4_hair,Pokemon_Robin_256,Skin_562_area
115,False,Pokemon_William_487,Skin_982_without,Pokemon_John_102,Skin_25_red
116,True,Pokemon_Timothy_143,Skin_207_wrong,Pokemon_Shannon_354,Skin_991_beyond
117,True,Pokemon_David_461,Skin_437_itself,Pokemon_Alexandria_189,Skin_471_plant
118,True,Pokemon_Samantha_759,Skin_237_main,Pokemon_Sarah_638,Skin_712_push
119,False,Pokemon_Jennifer_755,Skin_61_Mrs,Pokemon_Jeffrey_727,Skin_879_air
120,False,Pokemon_Andrew_23,Skin_807_house,Pokemon_Stephen_604,Skin_920_bit
121,True,Pokemon_George_266,Skin_510_particularly,Pokemon_Lucas_579,Skin_284_little
122,True,Pokemon_Jesse_43,Skin_356_environmental,Pokemon_Corey_656,Skin_574_strategy
123,False,Pokemon_Jesse_643,Skin_933_several,Pokemon_Jennifer_560,Skin_524_method
124,False,Pokemon_Michael_815,Skin_778_ball,Pokemon_Jo_142,Skin_377_thank
125,False,Pokemon_Jessica_838,Skin_893_capital,Pokemon_Connor_366,Skin_823_fear
126,True,Pokemon_Dawn_326,Skin_966_sense,Pokemon_Kurt_955,Skin_582_dog
127,False,Pokemon_Thomas_870,Skin_84_painting,Pokemon_Benjamin_340,Skin_514_word
128,False,Pokemon_Charles_160,Skin_225_save,Pokemon_Amber_58,Skin_70_fish
129,True,Pokemon_Christopher_591,Skin_769_not,Pokemon_Brandi_642,Skin_313_rather
130,False,Pokemon_Melissa_788,Skin_136_why,Pokemon_Alexandria_189,Skin_908_wall
131,False,Pokemon_Holly_80,Skin_738_operation,Pokemon_Beth_814,Skin_259_couple
132,True,Pokemon_Tiffany_181,Skin_870_half,Pokemon_Laura_637,Skin_610_garden
133,True,Pokemon_Michelle_879,Skin_682_now,Pokemon_Emily_469,Skin_780_seven
134,False,Pokemon_Christopher_704,Skin_21_surface,Pokemon_Mary_787,Skin_101_task
135,True,Pokemon_Hannah_349,Skin_414_grow,Pokemon_Travis_361,Skin_263_dog
136,False,Pokemon_Daisy_271,Skin_230_term,Pokemon_Melissa_183,Skin_303_ok
137,False,Pokemon_Danielle_977,Skin_785_environment,Pokemon_Anthony_578,Skin_386_share
138,False,Pokemon_David_373,Skin_385_set,Pokemon_Holly_752,Skin_221_ready
139,False,Pokemon_Robert_188,Skin_657_size,Pokemon_Dalton_539,Skin_689_prevent
140,False,Pokemon_Vicki_228,Skin_741_truth,Pokemon_Melissa_397,Skin_287_feeling
141,False,Pokemon_Tiffany_999,Skin_243_decade,Pokemon_Heather_279,Skin_837_thing
142,True,Pokemon_David_373,Skin_739_expect,Pokemon_Sophia_491,Skin_150_remember
143,False,Pokemon_Jeffrey_727,Skin_879_air,Pokemon_Nicholas_812,Skin_30_behind
144,True,Pokemon_Lawrence_746,Skin_462_most,Pokemon_Timothy_143,Skin_207_wrong
145,True,Pokemon_Annette_209,Skin_490_explain,Pokemon_Nicole_639,Skin_376_white
146,False,Pokemon_Tammy_84,Skin_974_place,Pokemon_Felicia_618,Skin_315_today
147,True,Pokemon_Steven_115,Skin_598_drug,Pokemon_Gail_391,Skin_557_party
148,True,Pokemon_Cory_513,Skin_480_question,Pokemon_Angela_47,Skin_936_reality
149,True,Pokemon_Jesse_643,Skin_525_small,Pokemon_Brianna_473,Skin_26_cost
150,False,Pokemon_Mary_887,Skin_103_born,Pokemon_Grace_844,Skin_703_prove
151,False,Pokemon_Peter_556,Skin_731_building,Pokemon_Brandi_642,Skin_364_politics
152,True,Pokemon_Jesse_43,Skin_356_environmental,Pokemon_Keith_904,Skin_812_produce
153,False,Pokemon_Tiffany_999,Skin_243_decade,Pokemon_Sharon_400,Skin_556_mind
154,True,Pokemon_Jack_559,Skin_281_good,Pokemon_Margaret_362,Skin_681_issue
155,False,Pokemon_Maurice_531,Skin_878_concern,Pokemon_Julie_27,Skin_688_technology
156,False,Pokemon_Gail_260,Skin_990_throw,Pokemon_Susan_532,Skin_44_rate
157,True,Pokemon_Dawn_896,Skin_69_produce,Pokemon_Laura_637,Skin_610_garden
158,True,Pokemon_Stephen_604,Skin_920_bit,Pokemon_Marco_655,Skin_448_kind
159,True,Pokemon_Gina_138,Skin_302_occur,Pokemon_Andrea_429,Skin_366_church
160,True,Pokemon_Allison_185,Skin_403_table,Pokemon_Jessica_305,Skin_147_center
161,False,Pokemon_Colton_615,Skin_290_appear,Pokemon_Heather_124,Skin_653_left
162,False,Pokemon_Leslie_339,Skin_142_somebody,Pokemon_Brittney_694,Skin_576_attack
163,False,Pokemon_Jesse_643,Skin_525_small,Pokemon_Nancy_760,Skin_516_yes
164,False,Pokemon_Jonathan_460,Skin_667_hair,Pokemon_Nicole_639,Skin_376_white
165,False,Pokemon_David_242,Skin_642_director,Pokemon_Alexander_507,Skin_663_because
166,True,Pokemon_Mackenzie_534,Skin_185_though,Pokemon_Jay_217,Skin_65_property
167,True,Pokemon_Tiffany_181,Skin_870_half,Pokemon_Jessica_318,Skin_273_boy
168,True,Pokemon_Michael_815,Skin_194_tend,Pokemon_Brianna_553,Skin_306_dark
169,True,Pokemon_Justin_851,Skin_473_own,Pokemon_Krystal_472,Skin_858_black
170,True,Pokemon_Laura_637,Skin_165_south,Pokemon_Ashley_679,Skin_909_plan
171,False,Pokemon_Alexander_507,Skin_663_because,Pokemon_Laura_288,Skin_897_budget
172,True,Pokemon_Susan_51,Skin_765_visit,Pokemon_Charlene_536,Skin_212_ask
173,False,Pokemon_Robert_554,Skin_66_step,Pokemon_Michelle_879,Skin_682_now
174,False,Pokemon_Emily_392,Skin_423_history,Pokemon_Jasmine_648,Skin_55_writer
175,True,Pokemon_Lisa_893,Skin_37_seat,Pokemon_Mark_817,Skin_865_end
176,False,Pokemon_Kyle_476,Skin_697_reason,Pokemon_Justin_299,Skin_819_site
177,False,Pokemon_David_373,Skin_81_decide,Pokemon_Eddie_19,Skin_362_prepare
178,False,Pokemon_Edward_191,Skin_487_center,Pokemon_Shelby_29,Skin_201_this
179,True,Pokemon_Chad_426,Skin_31_of,Pokemon_Cory_390,Skin_64_kind
180,True,Pokemon_Karen_848,Skin_658_according,Pokemon_Anna_703,Skin_125_artist
181,False,Pokemon_Michael_156,Skin_755_behind,Pokemon_John_692,Skin_683_already
182,False,Pokemon_Mark_295,Skin_34_organization,Pokemon_Angela_772,Skin_880_suddenly
183,False,Pokemon_Angel_432,Skin_476_significant,Pokemon_Michael_486,Skin_200_record
184,False,Pokemon_Nicholas_408,Skin_861_yet,Pokemon_Renee_257,Skin_505_kind
185,False,Pokemon_Elizabeth_470,Skin_750_interesting,Pokemon_Susan_51,Skin_765_visit
186,False,Pokemon_Lisa_940,Skin_693_raise,Pokemon_Matthew_22,Skin_771_mention
187,True,Pokemon_Mallory_41,Skin_626_reveal,Pokemon_Alexandra_522,Skin_226_allow
188,False,Pokemon_Alejandro_1,Skin_486_suffer,Pokemon_Joseph_144,Skin_135_commercial
189,True,Pokemon_Jessica_318,Skin_157_cultural,Pokemon_Chelsea_984,Skin_645_occur
190,True,Pokemon_Felicia_618,Skin_315_today,Pokemon_Jennifer_755,Skin_61_Mrs
191,True,Pokemon_Julie_855,Skin_12_friend,Pokemon_Anna_703,Skin_125_artist
192,False,Pokemon_Chelsea_984,Skin_645_occur,Pokemon_Kyle_476,Skin_960_seven
193,False,Pokemon_Phillip_301,Skin_4_hair,Pokemon_Jesse_643,Skin_172_strong
194,False,Pokemon_April_50,Skin_793_threat,Pokemon_Kayla_240,Skin_166_receive
195,True,Pokemon_Keith_87,Skin_298_every,Pokemon_Patricia_830,Skin_675_stop
196,True,Pokemon_Marcus_949,Skin_730_day,Pokemon_Christopher_184,Skin_777_two
197,False,Pokemon_Kenneth_930,Skin_811_Mr,Pokemon_Chad_426,Skin_89_support
198,True,Pokemon_Luke_593,Skin_60_box,Pokemon_April_570,Skin_707_feel
199,True,Pokemon_Heather_600,Skin_655_quickly,Pokemon_Laura_597,Skin_884_ball
200,True,Pokemon_Jessica_606,Skin_452_dinner,Pokemon_Joseph_545,Skin_906_lead
201,False,Pokemon_Alexander_507,Skin_560_debate,Pokemon_Mackenzie_534,Skin_787_born
202,False,Pokemon_Kristin_994,Skin_49_you,Pokemon_Robin_828,Skin_331_nation
203,True,Pokemon_Hannah_598,Skin_975_order,Pokemon_Jason_300,Skin_126_myself
204,True,Pokemon_Diamond_863,Skin_11_different,Pokemon_John_263,Skin_188_I
205,True,Pokemon_Jay_217,Skin_713_the,Pokemon_Nancy_760,Skin_516_yes
206,True,Pokemon_Cole_213,Skin_832_food,Pokemon_Sophia_491,Skin_150_remember
207,True,Pokemon_Luis_365,Skin_113_would,Pokemon_Christopher_586,Skin_888_responsibility
208,True,Pokemon_Jason_423,Skin_843_modern,Pokemon_Randy_154,Skin_156_ball
209,True,Pokemon_Casey_816,Skin_539_reality,Pokemon_Carol_438,Skin_944_service
210,False,Pokemon_Stephanie_100,Skin_206_provide,Pokemon_Julie_137,Skin_622_player
211,True,Pokemon_Christopher_184,Skin_374_husband,Pokemon_Evelyn_302,Skin_264_company
212,True,Pokemon_Richard_964,Skin_940_stage,Pokemon_Amanda_824,Skin_923_win
213,True,Pokemon_Joseph_545,Skin_73_drop,Pokemon_Misty_942,Skin_304_subject
214,True,Pokemon_Gregory_107,Skin_825_outside,Pokemon_Mallory_41,Skin_744_myself
215,True,Pokemon_Evan_7,Skin_949_especially,Pokemon_David_496,Skin_882_forget
216,True,Pokemon_Patricia_830,Skin_856_store,Pokemon_Matthew_946,Skin_424_ten
217,False,Pokemon_Adam_28,Skin_72_administration,Pokemon_Adam_800,Skin_279_create
218,False,Pokemon_Chelsea_984,Skin_645_occur,Pokemon_Casey_816,Skin_127_argue
219,True,Pokemon_Stephanie_614,Skin_286_level,Pokemon_Matthew_601,Skin_529_act
220,False,Pokemon_Michael_156,Skin_755_behind,Pokemon_Julie_416,Skin_584_bit
221,False,Pokemon_Evan_7,Skin_949_especially,Pokemon_Cory_390,Skin_64_kind
222,False,Pokemon_Belinda_36,Skin_864_majority,Pokemon_Tina_885,Skin_728_per
223,False,Pokemon_Laura_288,Skin_249_final,Pokemon_Yvonne_765,Skin_822_ok
224,True,Pokemon_Lori_734,Skin_318_president,Pokemon_Larry_978,Skin_915_look
225,False,Pokemon_James_5,Skin_387_four,Pokemon_Alexis_332,Skin_996_team
226,True,Pokemon_Leah_880,Skin_758_theory,Pokemon_Robert_801,Skin_441_drive
227,True,Pokemon_James_777,Skin_153_expert,Pokemon_Anna_250,Skin_288_health
228,False,Pokemon_Victor_219,Skin_98_skin,Pokemon_James_777,Skin_153_expert
229,True,Pokemon_Stephanie_614,Skin_286_level,Pokemon_Michael_617,Skin_396_deal
230,True,Pokemon_Amanda_824,Skin_923_win,Pokemon_Adam_800,Skin_253_mission
231,True,Pokemon_Kyle_476,Skin_960_seven,Pokemon_James_395,Skin_986_indeed
232,False,Pokemon_Mallory_41,Skin_766_order,Pokemon_Emily_469,Skin_780_seven
233,True,Pokemon_Lucas_579,Skin_341_however,Pokemon_Michael_13,Skin_283_unit
234,True,Pokemon_Ashlee_265,Skin_158_meeting,Pokemon_Jason_423,Skin_843_modern
235,True,Pokemon_Kenneth_953,Skin_901_country,Pokemon_Jeffrey_222,Skin_720_scene
236,True,Pokemon_Christy_968,Skin_271_shake,Pokemon_Andrew_23,Skin_867_agree
237,False,Pokemon_Karen_910,Skin_844_her,Pokemon_Andrew_901,Skin_426_out
238,True,Pokemon_Erik_234,Skin_181_avoid,Pokemon_Jo_142,Skin_931_program
239,True,Pokemon_Mark_817,Skin_350_even,Pokemon_Alexis_500,Skin_573_such
240,False,Pokemon_Paul_846,Skin_285_later,Pokemon_Joseph_592,Skin_972_heavy
241,False,Pokemon_Deborah_304,Skin_686_southern,Pokemon_Victoria_227,Skin_824_month
242,True,Pokemon_Chelsea_984,Skin_645_occur,Pokemon_Hannah_349,Skin_414_grow
243,True,Pokemon_Jenna_919,Skin_797_remain,Pokemon_Joseph_557,Skin_173_analysis
244,True,Pokemon_Tracy_588,Skin_292_idea,Pokemon_Roger_168,Skin_847_fall
245,False,Pokemon_Mark_295,Skin_38_human,Pokemon_Jake_164,Skin_338_in
246,True,Pokemon_Christina_654,Skin_692_many,Pokemon_Shelby_29,Skin_201_this
247,True,Pokemon_Jenna_919,Skin_797_remain,Pokemon_Marco_655,Skin_999_small
248,True,Pokemon_Lori_871,Skin_937_drop,Pokemon_David_386,Skin_6_member
249,False,Pokemon_Peggy_774,Skin_224_left,Pokemon_Alexandra_522,Skin_383_group
250,True,Pokemon_Rachel_963,Skin_349_lead,Pokemon_Jacob_550,Skin_340_music
251,False,Pokemon_Robert_554,Skin_139_civil,Pokemon_Adriana_462,Skin_603_usually
252,False,Pokemon_Kristine_829,Skin_926_society,Pokemon_David_242,Skin_642_director
253,True,Pokemon_Matthew_743,Skin_204_only,Pokemon_Adriana_462,Skin_603_usually
254,True,Pokemon_Elizabeth_249,Skin_129_wall,Pokemon_Jesse_643,Skin_933_several
255,False,Pokemon_Misty_942,Skin_810_major,Pokemon_David_242,Skin_642_director
256,False,Pokemon_Julie_416,Skin_420_clearly,Pokemon_Joseph_682,Skin_472_read
257,True,Pokemon_Judith_417,Skin_917_student,Pokemon_Darryl_669,Skin_916_above
258,True,Pokemon_Larry_877,Skin_261_chance,Pokemon_Richard_444,Skin_458_often
259,True,Pokemon_Christopher_950,Skin_978_system,Pokemon_Edward_56,Skin_732_project
260,False,Pokemon_Dennis_756,Skin_141_wide,Pokemon_Sophia_491,Skin_62_future
261,False,Pokemon_Xavier_945,Skin_806_hold,Pokemon_James_927,Skin_367_fear
262,True,Pokemon_David_242,Skin_361_hit,Pokemon_Daniel_415,Skin_450_writer
263,False,Pokemon_Corey_656,Skin_647_food,Pokemon_Jennifer_729,Skin_600_perhaps
264,True,Pokemon_Jesse_643,Skin_470_debate,Pokemon_Elizabeth_623,Skin_124_early
265,True,Pokemon_Sherry_647,Skin_17_defense,Pokemon_Cynthia_521,Skin_834_phone
266,True,Pokemon_Carolyn_783,Skin_953_page,Pokemon_Karen_681,Skin_895_blue
267,True,Pokemon_Jesse_167,Skin_633_those,Pokemon_Felicia_618,Skin_346_create
268,True,Pokemon_Mary_887,Skin_103_born,Pokemon_Jack_559,Skin_746_sure
269,False,Pokemon_Stanley_793,Skin_329_far,Pokemon_Annette_209,Skin_997_think
270,False,Pokemon_John_341,Skin_115_four,Pokemon_Rachel_963,Skin_721_explain
271,True,Pokemon_Jessica_318,Skin_827_opportunity,Pokemon_Jessica_731,Skin_447_produce
272,True,Pokemon_Rebecca_867,Skin_538_PM,Pokemon_Rebecca_867,Skin_231_condition
273,False,Pokemon_Amanda_88,Skin_35_suffer,Pokemon_Michael_13,Skin_283_unit
274,False,Pokemon_Stacy_381,Skin_422_where,Pokemon_Cynthia_521,Skin_834_phone
275,True,Pokemon_Luis_612,Skin_727_reduce,Pokemon_Maria_960,Skin_616_treatment
276,False,Pokemon_Tiffany_181,Skin_177_determine,Pokemon_Steven_566,Skin_519_key
277,False,Pokemon_April_570,Skin_760_form,Pokemon_Keith_904,Skin_812_produce
278,False,Pokemon_Hannah_598,Skin_975_order,Pokemon_Anthony_628,Skin_979_environment
279,False,Pokemon_Kristina_900,Skin_639_education,Pokemon_Joseph_396,Skin_938_western
280,True,Pokemon_Heather_279,Skin_547_both,Pokemon_William_18,Skin_833_same
281,False,Pokemon_Heather_818,Skin_456_throughout,Pokemon_James_777,Skin_716_check
282,True,Pokemon_Samantha_65,Skin_890_nearly,Pokemon_Shannon_481,Skin_666_clear
283,False,Pokemon_Renee_257,Skin_505_kind,Pokemon_Nicholas_812,Skin_30_behind
284,True,Pokemon_Michelle_252,Skin_369_west,Pokemon_Tiffany_16,Skin_528_time
285,True,Pokemon_Joseph_545,Skin_73_drop,Pokemon_Alejandro_1,Skin_486_suffer
286,True,Pokemon_Richard_964,Skin_668_worker,Pokemon_John_692,Skin_316_less
287,False,Pokemon_Cory_176,Skin_887_fill,Pokemon_Alex_355,Skin_521_family
288,True,Pokemon_Anna_10,Skin_913_rest,Pokemon_Chad_806,Skin_747_coach
289,False,Pokemon_Julie_855,Skin_12_friend,Pokemon_Edward_191,Skin_487_center
290,True,Pokemon_Alejandro_1,Skin_543_interest,Pokemon_Jenna_691,Skin_309_game
291,False,Pokemon_Adam_28,Skin_72_administration,Pokemon_Erik_234,Skin_181_avoid
292,False,Pokemon_Brianna_193,Skin_789_stuff,Pokemon_Jessica_781,Skin_722_discover
293,True,Pokemon_Brittany_906,Skin_788_some,Pokemon_Adam_800,Skin_184_statement
294,True,Pokemon_Daniel_254,Skin_783_game,Pokemon_Victor_219,Skin_98_skin
295,False,Pokemon_Jesse_38,Skin_439_often,Pokemon_Larry_877,Skin_971_nearly
296,True,Pokemon_Gabriel_574,Skin_537_front,Pokemon_Stephanie_614,Skin_286_level
297,False,Pokemon_Gail_260,Skin_889_front,Pokemon_Steven_650,Skin_775_we
298,True,Pokemon_Jesse_643,Skin_470_debate,Pokemon_Tammy_25,Skin_515_stop
299,True,Pokemon_Robert_582,Skin_433_goal,Pokemon_Connie_149,Skin_461_process
300,True,Pokemon_Jerry_85,Skin_96_assume,Pokemon_Eddie_19,Skin_362_prepare
301,False,Pokemon_Sophia_491,Skin_150_remember,Pokemon_Andrew_23,Skin_867_agree
302,True,Pokemon_Aaron_376,Skin_110_lose,Pokemon_Robert_111,Skin_776_trade
303,False,Pokemon_Samantha_759,Skin_814_garden,Pokemon_Jay_217,Skin_15_behind
304,False,Pokemon_Destiny_784,Skin_632_you,Pokemon_Matthew_601,Skin_717_guess
305,False,Pokemon_Curtis_811,Skin_47_senior,Pokemon_Brandon_368,Skin_571_home
306,True,Pokemon_Melissa_397,Skin_287_feeling,Pokemon_Allen_291,Skin_973_company
307,True,Pokemon_Shannon_481,Skin_666_clear,Pokemon_Kristen_294,Skin_372_offer
308,True,Pokemon_Ricky_551,Skin_373_food,Pokemon_Peggy_774,Skin_564_agent
309,True,Pokemon_Misty_942,Skin_810_major,Pokemon_Sherry_647,Skin_100_type
310,True,Pokemon_Jonathan_747,Skin_203_sing,Pokemon_Justin_182,Skin_275_notice
311,True,Pokemon_Brandon_368,Skin_571_home,Pokemon_Alexis_332,Skin_332_management
312,False,Pokemon_Jesse_167,Skin_633_those,Pokemon_Tiffany_999,Skin_243_decade
313,False,Pokemon_Brittany_706,Skin_690_friend,Pokemon_Alexandra_522,Skin_226_allow
314,False,Pokemon_Mark_518,Skin_794_total,Pokemon_Cole_213,Skin_114_unit
315,False,Pokemon_Sara_938,Skin_345_start,Pokemon_William_778,Skin_216_case
316,True,Pokemon_Jessica_318,Skin_273_boy,Pokemon_Jeffrey_221,Skin_839_eight
317,False,Pokemon_Roger_168,Skin_847_fall,Pokemon_Brianna_473,Skin_26_cost
318,False,Pokemon_Joseph_557,Skin_173_analysis,Pokemon_Daniel_262,Skin_293_institution
319,False,Pokemon_Grace_844,Skin_654_form,Pokemon_Mary_887,Skin_244_hot
320,True,Pokemon_Allen_291,Skin_607_arm,Pokemon_Lawrence_746,Skin_549_computer
321,True,Pokemon_Brittney_694,Skin_576_attack,Pokemon_Shannon_354,Skin_991_beyond
322,True,Pokemon_Robert_0,Skin_149_sound,Pokemon_Sherry_647,Skin_17_defense
323,False,Pokemon_Andrew_418,Skin_469_vote,Pokemon_Peggy_774,Skin_427_interesting
324,False,Pokemon_Julie_416,Skin_584_bit,Pokemon_Jo_142,Skin_377_thank
325,False,Pokemon_Stacy_381,Skin_422_where,Pokemon_Allen_291,Skin_481_election
326,False,Pokemon_Patricia_830,Skin_675_stop,Pokemon_Mark_518,Skin_724_road
327,False,Pokemon_Michael_611,Skin_250_be,Pokemon_Linda_463,Skin_425_social
328,False,Pokemon_Jennifer_62,Skin_308_threat,Pokemon_Andrew_901,Skin_612_station
329,True,Pokemon_Casey_816,Skin_127_argue,Pokemon_Emily_412,Skin_397_leader
330,True,Pokemon_Jeffrey_221,Skin_839_eight,Pokemon_Alexandria_189,Skin_908_wall
331,False,Pokemon_Ashley_350,Skin_581_positive,Pokemon_Daniel_415,Skin_450_writer
332,False,Pokemon_Victoria_227,Skin_824_month,Pokemon_Marcus_585,Skin_614_operation
333,True,Pokemon_Christopher_82,Skin_551_run,Pokemon_Kenneth_505,Skin_606_message
334,False,Pokemon_Gina_370,Skin_42_life,Pokemon_Jacob_550,Skin_567_each
335,False,Pokemon_Judith_417,Skin_917_student,Pokemon_Julie_855,Skin_12_friend
336,True,Pokemon_Martha_797,Skin_493_company,Pokemon_Jennifer_729,Skin_600_perhaps
337,True,Pokemon_Christian_63,Skin_577_listen,Pokemon_Luke_593,Skin_60_box
338,True,Pokemon_Daniel_254,Skin_176_forward,Pokemon_Yvette_488,Skin_852_present
339,True,Pokemon_Timothy_143,Skin_207_wrong,Pokemon_Leah_880,Skin_167_picture
340,False,Pokemon_Zachary_130,Skin_7_best,Pokemon_Brianna_710,Skin_969_suffer
341,False,Pokemon_Brandon_399,Skin_620_attack,Pokemon_Jasmine_648,Skin_55_writer
342,True,Pokemon_Lisa_940,Skin_300_hundred,Pokemon_John_102,Skin_238_remember
343,True,Pokemon_Cathy_94,Skin_784_value,Pokemon_Julia_998,Skin_964_then
344,False,Pokemon_Brianna_473,Skin_26_cost,Pokemon_Melissa_788,Skin_136_why
345,False,Pokemon_April_570,Skin_258_later,Pokemon_Sarah_638,Skin_99_movement
346,True,Pokemon_Shannon_481,Skin_666_clear,Pokemon_Jesse_643,Skin_525_small
347,True,Pokemon_Nicole_364,Skin_930_process,Pokemon_Marcus_585,Skin_614_operation
348,False,Pokemon_Christopher_950,Skin_661_summer,Pokemon_Gail_391,Skin_557_party
349,False,Pokemon_Anthony_104,Skin_311_blue,Pokemon_Zachary_130,Skin_7_best
350,False,Pokemon_Jessica_606,Skin_927_something,Pokemon_Jack_559,Skin_281_good
351,False,Pokemon_Maria_319,Skin_874_side,Pokemon_Danny_854,Skin_291_want
352,True,Pokemon_Laura_352,Skin_389_sport,Pokemon_Julie_137,Skin_622_player
353,True,Pokemon_Belinda_36,Skin_864_majority,Pokemon_Brianna_473,Skin_26_cost
354,False,Pokemon_Sharon_400,Skin_317_star,Pokemon_Sarah_638,Skin_712_push
355,True,Pokemon_Mary_980,Skin_133_chair,Pokemon_Ricardo_259,Skin_430_three
356,True,Pokemon_Emily_961,Skin_638_cultural,Pokemon_Thomas_958,Skin_348_science
357,False,Pokemon_Jill_929,Skin_799_state,Pokemon_Jessica_606,Skin_927_something
358,False,Pokemon_Joshua_890,Skin_714_those,Pokemon_Rebecca_867,Skin_538_PM
359,True,Pokemon_Patricia_830,Skin_675_stop,Pokemon_Emily_961,Skin_400_economic
360,True,Pokemon_Amber_740,Skin_522_actually,Pokemon_Cathy_94,Skin_784_value
361,True,Pokemon_Heather_112,Skin_223_always,Pokemon_Julie_855,Skin_384_drop
362,False,Pokemon_Joseph_983,Skin_869_agent,Pokemon_Michael_156,Skin_755_behind
363,True,Pokemon_Sharon_400,Skin_266_truth,Pokemon_Tiffany_999,Skin_243_decade
364,False,Pokemon_Rachel_963,Skin_349_lead,Pokemon_Susan_532,Skin_44_rate
365,True,Pokemon_Jill_929,Skin_818_life,Pokemon_Frank_53,Skin_217_others
366,True,Pokemon_Heather_967,Skin_959_game,Pokemon_Jade_317,Skin_120_produce
367,True,Pokemon_Roger_168,Skin_847_fall,Pokemon_Samantha_883,Skin_499_discover
368,False,Pokemon_Nicole_35,Skin_220_agent,Pokemon_Angela_47,Skin_435_none
369,False,Pokemon_Daniel_748,Skin_494_around,Pokemon_Christopher_82,Skin_19_soon
370,False,Pokemon_Mark_105,Skin_32_politics,Pokemon_Richard_98,Skin_698_interesting
371,False,Pokemon_Curtis_602,Skin_962_evening,Pokemon_Keith_904,Skin_68_mean
372,True,Pokemon_April_570,Skin_760_form,Pokemon_Michael_420,Skin_754_seem
373,True,Pokemon_Christopher_898,Skin_790_professor,Pokemon_Heather_967,Skin_959_game
374,False,Pokemon_Jenna_40,Skin_737_of,Pokemon_Samantha_759,Skin_53_evening
375,False,Pokemon_Peggy_723,Skin_779_call,Pokemon_Ashley_179,Skin_76_safe
376,False,Pokemon_Luke_593,Skin_820_hot,Pokemon_Heather_279,Skin_547_both
377,False,Pokemon_Stacy_653,Skin_146_phone,Pokemon_Michael_486,Skin_200_record
378,True,Pokemon_Deborah_304,Skin_670_daughter,Pokemon_Jay_217,Skin_713_the
379,False,Pokemon_Michele_603,Skin_80_financial,Pokemon_Angela_437,Skin_643_skin
380,True,Pokemon_Joseph_396,Skin_938_western,Pokemon_Alexis_332,Skin_996_team
381,True,Pokemon_Corey_656,Skin_647_food,Pokemon_Tiffany_181,Skin_656_floor
382,False,Pokemon_Daniel_262,Skin_293_institution,Pokemon_Victoria_227,Skin_536_adult
383,False,Pokemon_Aaron_376,Skin_110_lose,Pokemon_Randy_154,Skin_156_ball
384,False,Pokemon_Mackenzie_534,Skin_185_though,Pokemon_Jack_93,Skin_265_outside
385,True,Pokemon_Anna_10,Skin_913_rest,Pokemon_Robert_322,Skin_464_dinner
386,True,Pokemon_Tyler_92,Skin_817_response,Pokemon_Julia_998,Skin_964_then
387,True,Pokemon_Sara_398,Skin_459_employee,Pokemon_Tammy_621,Skin_485_reflect
388,True,Pokemon_Larry_978,Skin_952_help,Pokemon_Christian_63,Skin_577_listen
389,True,Pokemon_Misty_942,Skin_304_subject,Pokemon_Krista_594,Skin_772_site
390,True,Pokemon_Erin_108,Skin_533_notice,Pokemon_April_109,Skin_295_protect
391,False,Pokemon_Stephen_604,Skin_920_bit,Pokemon_James_21,Skin_805_prove
392,False,Pokemon_Nicole_639,Skin_764_far,Pokemon_Mary_787,Skin_970_Congress
393,True,Pokemon_Gina_370,Skin_894_expert,Pokemon_Allen_291,Skin_607_arm
394,False,Pokemon_Mark_817,Skin_865_end,Pokemon_John_102,Skin_863_none
395,False,Pokemon_Edward_56,Skin_732_project,Pokemon_Mark_518,Skin_724_road
396,False,Pokemon_Annette_807,Skin_63_go,Pokemon_Charles_160,Skin_323_one
397,True,Pokemon_Andrew_23,Skin_867_agree,Pokemon_Evan_7,Skin_949_especially
398,False,Pokemon_Jennifer_560,Skin_524_method,Pokemon_Andrew_821,Skin_945_side
399,False,Pokemon_Laura_288,Skin_249_final,Pokemon_Jay_217,Skin_829_school
400,False,Pokemon_Christopher_950,Skin_661_summer,Pokemon_Jill_929,Skin_818_life
401,False,Pokemon_Kayla_79,Skin_399_forward,Pokemon_Brandon_833,Skin_371_prepare
402,True,Pokemon_Cynthia_510,Skin_109_general,Pokemon_Marcus_585,Skin_614_operation
403,True,Pokemon_Tammy_404,Skin_330_painting,Pokemon_Thomas_204,Skin_534_level
404,True,Pokemon_Mark_518,Skin_210_probably,Pokemon_Susan_51,Skin_765_visit
405,True,Pokemon_Kenneth_505,Skin_976_Congress,Pokemon_Dominique_311,Skin_963_old
406,True,Pokemon_Melissa_183,Skin_866_onto,Pokemon_Keith_904,Skin_68_mean
407,True,Pokemon_Cynthia_510,Skin_109_general,Pokemon_Tammy_25,Skin_515_stop
408,True,Pokemon_Anna_250,Skin_268_yard,Pokemon_Michael_815,Skin_87_use
409,False,Pokemon_Thomas_958,Skin_348_science,Pokemon_Michael_486,Skin_200_record
410,False,Pokemon_Patricia_120,Skin_336_those,Pokemon_Susan_739,Skin_813_Mr
411,True,Pokemon_David_496,Skin_831_position,Pokemon_Gina_138,Skin_302_occur
412,False,Pokemon_Kayla_565,Skin_734_hot,Pokemon_Tammy_25,Skin_515_stop
413,True,Pokemon_Crystal_273,Skin_282_agent,Pokemon_Alejandro_1,Skin_486_suffer
414,False,Pokemon_Benjamin_340,Skin_514_word,Pokemon_Courtney_626,Skin_554_yes
415,False,Pokemon_Peter_325,Skin_168_product,Pokemon_Laura_597,Skin_884_ball
416,False,Pokemon_Robert_971,Skin_314_stand,Pokemon_Stacy_653,Skin_146_phone
417,False,Pokemon_Kathy_680,Skin_440_reveal,Pokemon_Matthew_743,Skin_204_only
418,False,Pokemon_Zachary_130,Skin_7_best,Pokemon_Javier_45,Skin_619_best
419,False,Pokemon_Amanda_824,Skin_923_win,Pokemon_Daniel_748,Skin_494_around
420,False,Pokemon_Brandon_368,Skin_571_home,Pokemon_Tammy_25,Skin_515_stop
421,False,Pokemon_Alex_355,Skin_521_family,Pokemon_Tiffany_943,Skin_934_important
422,True,Pokemon_Aaron_376,Skin_110_lose,Pokemon_John_102,Skin_411_care
423,True,Pokemon_Jonathan_460,Skin_260_pattern,Pokemon_Lisa_940,Skin_693_raise
424,True,Pokemon_Hannah_349,Skin_414_grow,Pokemon_Katelyn_646,Skin_14_particular
425,False,Pokemon_Javier_45,Skin_160_sense,Pokemon_Daniel_415,Skin_170_power
426,True,Pokemon_Randy_809,Skin_256_look,Pokemon_Jessica_305,Skin_202_address
427,False,Pokemon_James_777,Skin_939_both,Pokemon_Robert_801,Skin_527_one
428,False,Pokemon_Mark_817,Skin_865_end,Pokemon_Roberta_401,Skin_679_bad
429,False,Pokemon_Daniel_262,Skin_5_run,Pokemon_Joseph_592,Skin_39_call
430,True,Pokemon_Joseph_144,Skin_513_ten,Pokemon_Brittney_694,Skin_576_attack
431,True,Pokemon_Lisa_893,Skin_37_seat,Pokemon_Andrea_186,Skin_501_force
432,True,Pokemon_James_445,Skin_998_seat,Pokemon_Alexis_332,Skin_996_team
433,False,Pokemon_Jill_929,Skin_799_state,Pokemon_Jesse_38,Skin_439_often
434,True,Pokemon_James_777,Skin_716_check,Pokemon_Anthony_511,Skin_910_hold
435,False,Pokemon_Gail_260,Skin_990_throw,Pokemon_Andrew_865,Skin_636_pressure
436,False,Pokemon_David_373,Skin_739_expect,Pokemon_Bob_52,Skin_641_prevent
437,False,Pokemon_Sharon_400,Skin_556_mind,Pokemon_Leah_880,Skin_758_theory
438,False,Pokemon_Valerie_674,Skin_587_professor,Pokemon_Anthony_104,Skin_393_give
439,True,Pokemon_Dennis_756,Skin_141_wide,Pokemon_Cole_213,Skin_832_food
440,False,Pokemon_Cathy_94,Skin_784_value,Pokemon_Kelly_122,Skin_375_hot
441,False,Pokemon_Jennifer_457,Skin_208_board,Pokemon_Derek_435,Skin_71_white
442,True,Pokemon_Marcus_541,Skin_591_positive,Pokemon_Vincent_393,Skin_671_address
443,False,Pokemon_Tiffany_16,Skin_528_time,Pokemon_John_860,Skin_877_attack
444,False,Pokemon_Jennifer_20,Skin_0_culture,Pokemon_Karen_910,Skin_844_her
445,False,Pokemon_Diane_202,Skin_968_she,Pokemon_Jacqueline_441,Skin_277_trip
446,True,Pokemon_Carrie_152,Skin_881_white,Pokemon_Richard_964,Skin_940_stage
447,False,Pokemon_Joseph_682,Skin_472_read,Pokemon_Erica_148,Skin_673_hard
448,False,Pokemon_Marcus_541,Skin_88_would,Pokemon_Matthew_377,Skin_463_wind
449,False,Pokemon_Patricia_830,Skin_856_store,Pokemon_Alexandria_189,Skin_905_lead
450,True,Pokemon_Stephanie_77,Skin_700_already,Pokemon_Krista_594,Skin_86_school
451,False,Pokemon_Marilyn_55,Skin_307_eat,Pokemon_Amanda_310,Skin_484_court
452,True,Pokemon_Melissa_183,Skin_866_onto,Pokemon_Alexis_332,Skin_332_management
453,False,Pokemon_Angela_772,Skin_880_suddenly,Pokemon_Dawn_896,Skin_69_produce
454,True,Pokemon_Christopher_184,Skin_374_husband,Pokemon_Jeanette_135,Skin_745_concern
455,True,Pokemon_John_263,Skin_188_I,Pokemon_Alexis_500,Skin_586_memory
456,True,Pokemon_Angel_410,Skin_197_north,Pokemon_Robert_111,Skin_776_trade
457,False,Pokemon_Victoria_227,Skin_536_adult,Pokemon_Cynthia_510,Skin_321_war
458,False,Pokemon_Tammy_25,Skin_515_stop,Pokemon_Dawn_896,Skin_69_produce
459,True,Pokemon_Matthew_22,Skin_771_mention,Pokemon_Roger_168,Skin_294_model
460,True,Pokemon_Christopher_82,Skin_551_run,Pokemon_Maria_319,Skin_874_side
461,True,Pokemon_Shelby_29,Skin_835_quality,Pokemon_James_21,Skin_395_rest
462,True,Pokemon_Chelsea_984,Skin_645_occur,Pokemon_Shane_698,Skin_694_set
463,False,Pokemon_Annette_209,Skin_490_explain,Pokemon_Judith_417,Skin_917_student
464,True,Pokemon_Melissa_888,Skin_685_size,Pokemon_Monica_923,Skin_902_receive
465,True,Pokemon_Amanda_599,Skin_36_civil,Pokemon_Timothy_533,Skin_337_city
466,False,Pokemon_Nicole_639,Skin_376_white,Pokemon_Gloria_859,Skin_696_likely
467,True,Pokemon_Benjamin_340,Skin_514_word,Pokemon_Todd_482,Skin_91_left
468,True,Pokemon_Michael_420,Skin_754_seem,Pokemon_Peter_556,Skin_731_building
469,True,Pokemon_Casey_816,Skin_127_argue,Pokemon_Curtis_811,Skin_47_senior
470,False,Pokemon_Tammy_404,Skin_601_project,Pokemon_David_941,Skin_871_nothing
471,True,Pokemon_Mark_295,Skin_34_organization,Pokemon_Leah_880,Skin_167_picture
472,True,Pokemon_Alexandria_189,Skin_471_plant,Pokemon_Cynthia_521,Skin_834_phone
473,True,Pokemon_Crystal_273,Skin_282_agent,Pokemon_Matthew_743,Skin_204_only
474,False,Pokemon_Connie_281,Skin_862_business,Pokemon_Derrick_892,Skin_932_late
475,False,Pokemon_Samantha_759,Skin_53_evening,Pokemon_Destiny_784,Skin_632_you
476,False,Pokemon_Matthew_377,Skin_463_wind,Pokemon_Andrew_418,Skin_958_hold
477,True,Pokemon_Brittany_906,Skin_788_some,Pokemon_Stephen_604,Skin_920_bit
478,True,Pokemon_Cody_808,Skin_130_sound,Pokemon_Mark_295,Skin_38_human
479,False,Pokemon_Nancy_760,Skin_516_yes,Pokemon_Yvonne_765,Skin_822_ok
480,False,Pokemon_Jessica_158,Skin_836_American,Pokemon_Carol_438,Skin_944_service
481,False,Pokemon_Steven_566,Skin_885_window,Pokemon_Kristina_66,Skin_617_father
482,False,Pokemon_Cynthia_988,Skin_357_task,Pokemon_Melinda_236,Skin_209_appear
483,True,Pokemon_Tammy_404,Skin_330_painting,Pokemon_Tammy_25,Skin_138_yeah
484,False,Pokemon_Hannah_598,Skin_975_order,Pokemon_Theresa_934,Skin_500_final
485,True,Pokemon_Robert_455,Skin_911_third,Pokemon_Theresa_662,Skin_625_agreement
486,True,Pokemon_Roberta_401,Skin_679_bad,Pokemon_Karen_330,Skin_22_hot
487,True,Pokemon_Mackenzie_534,Skin_185_though,Pokemon_Justin_851,Skin_473_own
488,True,Pokemon_James_424,Skin_235_trip,Pokemon_Jessica_606,Skin_452_dinner
489,False,Pokemon_Rachel_963,Skin_349_lead,Pokemon_Carlos_990,Skin_9_enough
490,True,Pokemon_Paul_846,Skin_285_later,Pokemon_Leah_880,Skin_758_theory
491,True,Pokemon_Emily_412,Skin_363_determine,Pokemon_Mark_105,Skin_957_always
492,False,Pokemon_Andrea_186,Skin_501_force,Pokemon_Gail_260,Skin_889_front
493,False,Pokemon_Hannah_598,Skin_975_order,Pokemon_Maria_960,Skin_899_floor
494,True,Pokemon_Diane_202,Skin_968_she,Pokemon_Sophia_491,Skin_62_future
495,True,Pokemon_Matthew_743,Skin_204_only,Pokemon_Tracy_588,Skin_292_idea
496,True,Pokemon_Shane_698,Skin_242_process,Pokemon_Kurt_794,Skin_504_land
497,True,Pokemon_Gregory_107,Skin_825_outside,Pokemon_Lucas_579,Skin_284_little
498,False,Pokemon_Daniel_170,Skin_759_by,Pokemon_Ashlee_265,Skin_502_population
499,True,Pokemon_Adam_800,Skin_253_mission,Pokemon_Yvonne_765,Skin_822_ok
500,False,Pokemon_Michele_603,Skin_80_financial,Pokemon_James_5,Skin_387_four
501,False,Pokemon_Nathan_134,Skin_310_Democrat,Pokemon_Michelle_252,Skin_726_success
502,True,Pokemon_Jose_474,Skin_213_far,Pokemon_John_263,Skin_188_I
503,True,Pokemon_Shelby_29,Skin_201_this,Pokemon_Joseph_545,Skin_73_drop
504,False,Pokemon_Jessica_235,Skin_631_western,Pokemon_David_8,Skin_849_site
505,True,Pokemon_Richard_444,Skin_458_often,Pokemon_Joe_389,Skin_676_accept
506,False,Pokemon_Sherry_647,Skin_100_type,Pokemon_Jennifer_275,Skin_454_team
507,False,Pokemon_Kayla_79,Skin_399_forward,Pokemon_James_395,Skin_257_however
508,False,Pokemon_Yvette_488,Skin_852_present,Pokemon_Joseph_557,Skin_173_analysis
509,True,Pokemon_Alexandra_522,Skin_226_allow,Pokemon_Emily_770,Skin_134_research
510,True,Pokemon_Cynthia_521,Skin_278_tend,Pokemon_Charles_160,Skin_323_one
511,True,Pokemon_Justin_182,Skin_275_notice,Pokemon_Matthew_743,Skin_204_only
512,True,Pokemon_Diamond_863,Skin_11_different,Pokemon_Casey_816,Skin_539_reality
513,True,Pokemon_Dalton_539,Skin_588_week,Pokemon_Jack_559,Skin_281_good
514,False,Pokemon_Jesse_643,Skin_933_several,Pokemon_Chad_426,Skin_46_son
515,True,Pokemon_Jesse_643,Skin_525_small,Pokemon_Andrew_418,Skin_469_vote
516,False,Pokemon_Kathy_680,Skin_440_reveal,Pokemon_Peter_556,Skin_731_building
517,False,Pokemon_Timothy_533,Skin_337_city,Pokemon_Laura_637,Skin_165_south
518,True,Pokemon_Justin_299,Skin_518_head,Pokemon_Cory_390,Skin_175_large
519,False,Pokemon_Mary_887,Skin_103_born,Pokemon_Jessica_305,Skin_202_address
520,False,Pokemon_Dominique_311,Skin_963_old,Pokemon_Courtney_338,Skin_753_commercial
521,True,Pokemon_Jade_317,Skin_120_produce,Pokemon_Derek_119,Skin_748_board
522,False,Pokemon_Samuel_387,Skin_312_tough,Pokemon_Briana_378,Skin_544_scientist
523,True,Pokemon_Ronald_608,Skin_132_light,Pokemon_Lori_734,Skin_318_president
524,True,Pokemon_Crystal_273,Skin_276_program,Pokemon_Christopher_82,Skin_19_soon
525,False,Pokemon_Roger_168,Skin_301_remain,Pokemon_Robert_455,Skin_911_third
526,True,Pokemon_Jennifer_729,Skin_600_perhaps,Pokemon_Michael_815,Skin_444_mean
527,False,Pokemon_Joshua_890,Skin_943_data,Pokemon_Hannah_349,Skin_414_grow
528,False,Pokemon_James_395,Skin_390_answer,Pokemon_Jonathan_460,Skin_667_hair
529,True,Pokemon_Benjamin_340,Skin_514_word,Pokemon_Andrew_418,Skin_958_hold
530,True,Pokemon_Jasmine_369,Skin_339_perform,Pokemon_Frank_86,Skin_33_write
531,True,Pokemon_Maurice_531,Skin_878_concern,Pokemon_Vicki_228,Skin_741_truth
532,False,Pokemon_Kristopher_298,Skin_615_of,Pokemon_Brian_776,Skin_406_public
533,True,Pokemon_Stephanie_212,Skin_148_least,Pokemon_James_5,Skin_575_voice
534,False,Pokemon_James_21,Skin_395_rest,Pokemon_Angel_410,Skin_197_north
535,True,Pokemon_James_777,Skin_716_check,Pokemon_Jennifer_729,Skin_222_entire
536,True,Pokemon_Elizabeth_470,Skin_391_employee,Pokemon_Felicia_618,Skin_346_create
537,True,Pokemon_Andrea_186,Skin_955_statement,Pokemon_Steven_115,Skin_598_drug
538,True,Pokemon_Amber_58,Skin_70_fish,Pokemon_Curtis_811,Skin_47_senior
539,True,Pokemon_Mark_105,Skin_957_always,Pokemon_Emily_770,Skin_134_research
540,True,Pokemon_Sarah_638,Skin_99_movement,Pokemon_Jeffrey_221,Skin_839_eight
541,False,Pokemon_Theresa_934,Skin_503_member,Pokemon_Mary_980,Skin_133_chair
542,True,Pokemon_Manuel_705,Skin_710_church,Pokemon_Randy_154,Skin_156_ball
543,True,Pokemon_Marilyn_55,Skin_307_eat,Pokemon_Robert_801,Skin_527_one
544,True,Pokemon_Daniel_262,Skin_5_run,Pokemon_Hannah_248,Skin_929_be
545,True,Pokemon_Krystal_472,Skin_858_black,Pokemon_Jessica_158,Skin_836_American
546,False,Pokemon_Michelle_879,Skin_912_method,Pokemon_Laura_288,Skin_897_budget
547,False,Pokemon_Felicia_618,Skin_346_create,Pokemon_Tracy_588,Skin_292_idea
548,False,Pokemon_Leslie_384,Skin_687_quality,Pokemon_Maria_319,Skin_255_miss
549,True,Pokemon_Anna_250,Skin_288_health,Pokemon_Cynthia_510,Skin_321_war
550,True,Pokemon_Christopher_950,Skin_978_system,Pokemon_Jesse_643,Skin_470_debate
551,True,Pokemon_Peter_325,Skin_168_product,Pokemon_Frank_722,Skin_401_garden
552,False,Pokemon_Kristopher_298,Skin_615_of,Pokemon_Casey_816,Skin_127_argue
553,True,Pokemon_Peter_325,Skin_168_product,Pokemon_Mark_817,Skin_97_movement
554,True,Pokemon_Alexis_332,Skin_996_team,Pokemon_Wendy_696,Skin_429_third
555,True,Pokemon_Samantha_759,Skin_814_garden,Pokemon_Mark_817,Skin_350_even
556,True,Pokemon_Gina_138,Skin_302_occur,Pokemon_Joseph_891,Skin_59_actually
557,False,Pokemon_James_395,Skin_705_hair,Pokemon_Briana_378,Skin_544_scientist
558,False,Pokemon_Daisy_271,Skin_230_term,Pokemon_Shane_140,Skin_965_think
559,True,Pokemon_Jesse_38,Skin_439_often,Pokemon_Leah_880,Skin_758_theory
560,True,Pokemon_Matthew_601,Skin_529_act,Pokemon_Peter_325,Skin_168_product
561,False,Pokemon_Connie_73,Skin_511_lay,Pokemon_Lucas_579,Skin_284_little
562,False,Pokemon_Sara_938,Skin_345_start,Pokemon_Gina_370,Skin_42_life
563,True,Pokemon_Rachel_230,Skin_742_song,Pokemon_Daniel_748,Skin_494_around
564,False,Pokemon_Eric_331,Skin_186_his,Pokemon_Sabrina_314,Skin_24_style
565,True,Pokemon_Lisa_306,Skin_104_network,Pokemon_Anna_703,Skin_125_artist
566,False,Pokemon_Valerie_674,Skin_344_must,Pokemon_Richard_964,Skin_668_worker
567,True,Pokemon_Kristin_994,Skin_49_you,Pokemon_Kayla_565,Skin_950_program
568,False,Pokemon_Joe_389,Skin_676_accept,Pokemon_James_5,Skin_575_voice
569,True,Pokemon_Jonathan_460,Skin_260_pattern,Pokemon_Annette_209,Skin_756_million
570,False,Pokemon_Kyle_476,Skin_697_reason,Pokemon_Mackenzie_534,Skin_185_though
571,False,Pokemon_Connie_149,Skin_840_everybody,Pokemon_Ashley_350,Skin_180_could
572,True,Pokemon_Alexander_507,Skin_560_debate,Pokemon_Brandi_642,Skin_364_politics
573,False,Pokemon_Anna_250,Skin_288_health,Pokemon_Mallory_41,Skin_626_reveal
574,True,Pokemon_Peggy_723,Skin_412_perform,Pokemon_Krystal_99,Skin_193_key
575,False,Pokemon_Alex_355,Skin_521_family,Pokemon_Nicole_639,Skin_376_white
576,True,Pokemon_Casey_816,Skin_127_argue,Pokemon_Christopher_324,Skin_595_wife
577,False,Pokemon_Richard_444,Skin_458_often,Pokemon_Chad_426,Skin_31_of
578,False,Pokemon_Anna_10,Skin_488_traditional,Pokemon_Wendy_696,Skin_429_third
579,True,Pokemon_Samuel_972,Skin_660_everyone,Pokemon_April_570,Skin_707_feel
580,False,Pokemon_Jennifer_20,Skin_192_move,Pokemon_Melissa_523,Skin_326_garden
581,False,Pokemon_Bryan_72,Skin_589_painting,Pokemon_Luis_174,Skin_178_enjoy
582,False,Pokemon_Julie_855,Skin_838_somebody,Pokemon_Robert_76,Skin_883_system
583,True,Pokemon_Shannon_354,Skin_991_beyond,Pokemon_Frank_775,Skin_532_weight
584,True,Pokemon_Robert_801,Skin_441_drive,Pokemon_James_777,Skin_716_check
585,True,Pokemon_Robert_76,Skin_883_system,Pokemon_Nicholas_812,Skin_506_meeting
586,False,Pokemon_Michael_486,Skin_701_week,Pokemon_Misty_942,Skin_810_major
587,True,Pokemon_Jason_423,Skin_843_modern,Pokemon_Michael_815,Skin_444_mean
588,False,Pokemon_Jessica_589,Skin_629_feel,Pokemon_Deborah_304,Skin_670_daughter
589,False,Pokemon_James_719,Skin_162_argue,Pokemon_Jerry_328,Skin_566_teach
590,False,Pokemon_Melissa_788,Skin_136_why,Pokemon_Stephen_604,Skin_920_bit
591,False,Pokemon_Anthony_104,Skin_604_record,Pokemon_Alexis_500,Skin_586_memory
592,False,Pokemon_David_386,Skin_6_member,Pokemon_Javier_45,Skin_160_sense
593,False,Pokemon_Tiffany_16,Skin_528_time,Pokemon_Robin_256,Skin_562_area
594,True,Pokemon_Richard_98,Skin_698_interesting,Pokemon_Frank_775,Skin_532_weight
595,True,Pokemon_George_266,Skin_510_particularly,Pokemon_Jenna_40,Skin_737_of
596,False,Pokemon_Christian_63,Skin_800_Democrat,Pokemon_Frank_722,Skin_401_garden
597,True,Pokemon_Kathleen_862,Skin_151_will,Pokemon_Alexander_507,Skin_663_because
598,True,Pokemon_Katherine_935,Skin_248_physical,Pokemon_April_570,Skin_928_maybe
599,False,Pokemon_Karen_848,Skin_658_according,Pokemon_Stephen_604,Skin_920_bit
600,False,Pokemon_Nathaniel_348,Skin_994_house,Pokemon_Roger_168,Skin_847_fall
601,False,Pokemon_James_395,Skin_705_hair,Pokemon_Felicia_618,Skin_315_today
602,False,Pokemon_Richard_964,Skin_940_stage,Pokemon_Julie_137,Skin_622_player
603,False,Pokemon_Destiny_784,Skin_632_you,Pokemon_Angela_437,Skin_643_skin
604,True,Pokemon_Aaron_91,Skin_907_research,Pokemon_Daisy_271,Skin_230_term
605,False,Pokemon_Joe_389,Skin_676_accept,Pokemon_Mark_817,Skin_350_even
606,False,Pokemon_Jennifer_457,Skin_208_board,Pokemon_Jessica_697,Skin_140_everyone
607,True,Pokemon_Vincent_393,Skin_299_where,Pokemon_Christine_329,Skin_492_manage
608,True,Pokemon_Gina_138,Skin_791_few,Pokemon_Jerry_357,Skin_232_road
609,False,Pokemon_Lonnie_634,Skin_229_agreement,Pokemon_Carolyn_783,Skin_977_term
610,True,Pokemon_Chad_806,Skin_747_coach,Pokemon_Wayne_309,Skin_191_life
611,False,Pokemon_Dalton_539,Skin_689_prevent,Pokemon_Ashlee_265,Skin_502_population
612,True,Pokemon_Nicholas_812,Skin_506_meeting,Pokemon_Jesse_643,Skin_470_debate
613,False,Pokemon_Leah_880,Skin_167_picture,Pokemon_Marcus_949,Skin_730_day
614,True,Pokemon_Tyler_92,Skin_398_hard,Pokemon_Christopher_898,Skin_585_at
615,True,Pokemon_Nicole_639,Skin_764_far,Pokemon_Andrew_23,Skin_121_may
616,True,Pokemon_Leslie_339,Skin_142_somebody,Pokemon_Anna_10,Skin_488_traditional
617,True,Pokemon_Tiffany_943,Skin_934_important,Pokemon_Ernest_925,Skin_289_what
618,False,Pokemon_Maria_319,Skin_874_side,Pokemon_Mackenzie_534,Skin_761_great
619,False,Pokemon_Jessica_318,Skin_157_cultural,Pokemon_Matthew_173,Skin_333_new
620,False,Pokemon_Kenneth_505,Skin_976_Congress,Pokemon_Peggy_774,Skin_224_left
621,True,Pokemon_Jose_897,Skin_498_itself,Pokemon_Daniel_170,Skin_82_common
622,True,Pokemon_Keith_904,Skin_68_mean,Pokemon_Robert_884,Skin_169_start
623,False,Pokemon_Leslie_384,Skin_687_quality,Pokemon_Timothy_533,Skin_337_city
624,True,Pokemon_Jennifer_659,Skin_1_pattern,Pokemon_Lori_734,Skin_318_president
625,True,Pokemon_Adam_800,Skin_184_statement,Pokemon_Elizabeth_623,Skin_144_lawyer
626,True,Pokemon_April_89,Skin_199_since,Pokemon_Katelyn_646,Skin_14_particular
627,True,Pokemon_John_860,Skin_877_attack,Pokemon_Jessica_731,Skin_711_remember
628,True,Pokemon_Annette_209,Skin_756_million,Pokemon_Ashley_577,Skin_649_phone
629,True,Pokemon_Jessica_318,Skin_708_wrong,Pokemon_Jerry_357,Skin_102_example
630,True,Pokemon_April_109,Skin_295_protect,Pokemon_Deanna_861,Skin_8_necessary
631,False,Pokemon_Amanda_824,Skin_648_end,Pokemon_Crystal_273,Skin_276_program
632,False,Pokemon_James_21,Skin_805_prove,Pokemon_Ashley_679,Skin_909_plan
633,False,Pokemon_Marcus_949,Skin_730_day,Pokemon_Crystal_273,Skin_282_agent
634,True,Pokemon_Aaron_376,Skin_110_lose,Pokemon_Chelsea_75,Skin_327_professor
635,False,Pokemon_Rachel_230,Skin_763_sing,Pokemon_Travis_361,Skin_263_dog
636,False,Pokemon_Matthew_601,Skin_717_guess,Pokemon_Jerry_357,Skin_232_road
637,True,Pokemon_Michele_603,Skin_80_financial,Pokemon_Christopher_950,Skin_978_system
638,False,Pokemon_Samantha_883,Skin_499_discover,Pokemon_Margaret_362,Skin_681_issue
639,False,Pokemon_Ashley_679,Skin_909_plan,Pokemon_Mark_105,Skin_32_politics
640,False,Pokemon_Caleb_374,Skin_410_cut,Pokemon_Justin_299,Skin_819_site
641,True,Pokemon_Renee_257,Skin_505_kind,Pokemon_Jennifer_275,Skin_454_team
642,False,Pokemon_Samuel_387,Skin_312_tough,Pokemon_Crystal_273,Skin_282_agent
643,False,Pokemon_Aaron_376,Skin_821_huge,Pokemon_Kayla_240,Skin_166_receive
644,True,Pokemon_Laura_288,Skin_249_final,Pokemon_Lucas_579,Skin_624_ask
645,False,Pokemon_Chad_515,Skin_980_his,Pokemon_Jenna_40,Skin_737_of
646,False,Pokemon_Kayla_240,Skin_166_receive,Pokemon_Robert_188,Skin_657_size
647,True,Pokemon_Erin_108,Skin_989_admit,Pokemon_Robert_971,Skin_335_your
648,True,Pokemon_John_692,Skin_683_already,Pokemon_Carlos_114,Skin_408_there
649,False,Pokemon_Autumn_607,Skin_684_instead,Pokemon_Luke_593,Skin_60_box
650,True,Pokemon_Selena_799,Skin_78_personal,Pokemon_James_395,Skin_705_hair
651,False,Pokemon_Jay_217,Skin_15_behind,Pokemon_Chelsea_297,Skin_613_take
652,True,Pokemon_Andrew_418,Skin_958_hold,Pokemon_Mark_817,Skin_97_movement
653,False,Pokemon_Sarah_528,Skin_565_more,Pokemon_Shane_140,Skin_965_think
654,True,Pokemon_David_8,Skin_849_site,Pokemon_Theresa_934,Skin_500_final
655,True,Pokemon_Erica_148,Skin_673_hard,Pokemon_Keith_904,Skin_68_mean
656,False,Pokemon_Adam_800,Skin_279_create,Pokemon_Jason_423,Skin_843_modern
657,True,Pokemon_Joshua_890,Skin_714_those,Pokemon_Samantha_874,Skin_342_you
658,False,Pokemon_Adam_800,Skin_279_create,Pokemon_Michelle_252,Skin_369_west
659,False,Pokemon_David_373,Skin_385_set,Pokemon_Paul_846,Skin_285_later
660,False,Pokemon_Jennifer_729,Skin_222_entire,Pokemon_Robert_801,Skin_527_one
661,True,Pokemon_Susan_532,Skin_44_rate,Pokemon_Jessica_606,Skin_452_dinner
662,False,Pokemon_Jerry_328,Skin_566_teach,Pokemon_Gina_370,Skin_42_life
663,True,Pokemon_Brianna_553,Skin_306_dark,Pokemon_Jose_474,Skin_213_far
664,False,Pokemon_Jerry_357,Skin_102_example,Pokemon_Elizabeth_986,Skin_546_pattern
665,True,Pokemon_Jennifer_659,Skin_1_pattern,Pokemon_Robin_256,Skin_562_area
666,True,Pokemon_Mark_817,Skin_865_end,Pokemon_Kimberly_194,Skin_20_statement
667,False,Pokemon_Heather_713,Skin_495_think,Pokemon_Chelsea_297,Skin_613_take
668,False,Pokemon_Eileen_989,Skin_228_learn,Pokemon_Dalton_539,Skin_689_prevent
669,True,Pokemon_Krista_587,Skin_40_offer,Pokemon_Theresa_934,Skin_500_final
670,True,Pokemon_Chad_426,Skin_46_son,Pokemon_Connie_73,Skin_511_lay
671,False,Pokemon_Tammy_25,Skin_515_stop,Pokemon_Brian_776,Skin_406_public
672,True,Pokemon_Jessica_235,Skin_474_election,Pokemon_Julie_855,Skin_838_somebody
673,True,Pokemon_Jessica_589,Skin_629_feel,Pokemon_Larry_877,Skin_971_nearly
674,False,Pokemon_Susan_739,Skin_922_middle,Pokemon_Cynthia_521,Skin_834_phone
675,False,Pokemon_Joseph_891,Skin_59_actually,Pokemon_April_702,Skin_735_design
676,False,Pokemon_Monica_923,Skin_902_receive,Pokemon_Robert_884,Skin_169_start
677,False,Pokemon_Tiffany_181,Skin_656_floor,Pokemon_Andrea_186,Skin_955_statement
678,True,Pokemon_Karen_910,Skin_844_her,Pokemon_Adam_28,Skin_394_their
679,True,Pokemon_Ronald_608,Skin_132_light,Pokemon_Michael_13,Skin_283_unit
680,False,Pokemon_Lawrence_746,Skin_462_most,Pokemon_John_102,Skin_25_red
681,False,Pokemon_Tiffany_999,Skin_243_decade,Pokemon_Jack_93,Skin_265_outside
682,True,Pokemon_Tammy_25,Skin_515_stop,Pokemon_Carlos_990,Skin_9_enough
683,True,Pokemon_Carmen_948,Skin_592_where,Pokemon_Chelsea_984,Skin_645_occur
684,True,Pokemon_Margaret_362,Skin_681_issue,Pokemon_Gregory_107,Skin_409_ever
685,True,Pokemon_Jessica_781,Skin_526_can,Pokemon_Casey_816,Skin_85_matter
686,True,Pokemon_James_712,Skin_58_special,Pokemon_Robert_455,Skin_644_phone
687,False,Pokemon_Larry_877,Skin_971_nearly,Pokemon_Carol_438,Skin_944_service
688,False,Pokemon_Angela_772,Skin_880_suddenly,Pokemon_Jerry_85,Skin_896_wait
689,False,Pokemon_Emily_469,Skin_780_seven,Pokemon_Sabrina_314,Skin_24_style
690,False,Pokemon_Kristen_294,Skin_372_offer,Pokemon_Steven_115,Skin_598_drug
691,False,Pokemon_Michelle_879,Skin_682_now,Pokemon_Hannah_598,Skin_52_site
692,True,Pokemon_Linda_463,Skin_425_social,Pokemon_Robin_256,Skin_118_TV
693,False,Pokemon_Carrie_152,Skin_881_white,Pokemon_Javier_45,Skin_875_throw
694,False,Pokemon_Joseph_141,Skin_155_summer,Pokemon_Ashley_577,Skin_252_defense
695,True,Pokemon_Casey_816,Skin_539_reality,Pokemon_Jessica_781,Skin_722_discover
696,True,Pokemon_Zachary_130,Skin_7_best,Pokemon_Kenneth_505,Skin_976_Congress
697,False,Pokemon_Christopher_950,Skin_661_summer,Pokemon_Connie_281,Skin_183_enter
698,False,Pokemon_Michael_911,Skin_13_must,Pokemon_George_266,Skin_510_particularly
699,False,Pokemon_Stephanie_77,Skin_402_customer,Pokemon_Larry_978,Skin_952_help
700,True,Pokemon_James_627,Skin_984_shake,Pokemon_Kathy_680,Skin_948_natural
701,False,Pokemon_Vincent_393,Skin_299_where,Pokemon_Dawn_896,Skin_69_produce
702,True,Pokemon_Paul_965,Skin_418_near,Pokemon_Derrick_892,Skin_876_lose
703,True,Pokemon_Shane_698,Skin_242_process,Pokemon_Cynthia_521,Skin_278_tend
704,False,Pokemon_William_18,Skin_833_same,Pokemon_Tracy_588,Skin_292_idea
705,True,Pokemon_Jessica_235,Skin_474_election,Pokemon_Angela_711,Skin_245_happy
706,False,Pokemon_April_50,Skin_793_threat,Pokemon_James_21,Skin_395_rest
707,False,Pokemon_Peter_556,Skin_731_building,Pokemon_Angel_410,Skin_197_north
708,True,Pokemon_Shane_698,Skin_242_process,Pokemon_Diane_202,Skin_968_she
709,True,Pokemon_Kenneth_505,Skin_976_Congress,Pokemon_Grace_844,Skin_703_prove
710,False,Pokemon_Chad_806,Skin_747_coach,Pokemon_Mary_787,Skin_970_Congress
711,False,Pokemon_Emily_412,Skin_363_determine,Pokemon_Anna_10,Skin_913_rest
712,False,Pokemon_Susan_532,Skin_44_rate,Pokemon_Ronald_667,Skin_599_own
713,False,Pokemon_Hannah_248,Skin_929_be,Pokemon_Linda_832,Skin_227_worker
714,False,Pokemon_Rebecca_867,Skin_231_condition,Pokemon_Matthew_601,Skin_717_guess
715,True,Pokemon_Christina_380,Skin_174_every,Pokemon_Ashley_577,Skin_649_phone
716,True,Pokemon_Brittney_694,Skin_482_right,Pokemon_Michelle_252,Skin_558_modern
717,False,Pokemon_Mark_105,Skin_32_politics,Pokemon_Alexander_507,Skin_651_citizen
718,False,Pokemon_Chelsea_297,Skin_613_take,Pokemon_Sarah_528,Skin_272_either
719,True,Pokemon_Darlene_670,Skin_77_right,Pokemon_Kathleen_862,Skin_767_police
720,False,Pokemon_Michelle_879,Skin_682_now,Pokemon_Jesse_643,Skin_525_small
721,True,Pokemon_Annette_807,Skin_63_go,Pokemon_Christina_480,Skin_914_head
722,True,Pokemon_Lonnie_634,Skin_563_different,Pokemon_Charles_160,Skin_323_one
723,True,Pokemon_Steven_115,Skin_598_drug,Pokemon_Annette_209,Skin_997_think
724,False,Pokemon_Angel_432,Skin_476_significant,Pokemon_Andrew_865,Skin_611_have
725,True,Pokemon_Angel_432,Skin_476_significant,Pokemon_Laura_402,Skin_540_state
726,True,Pokemon_Patricia_120,Skin_336_those,Pokemon_Dominique_311,Skin_963_old
727,False,Pokemon_Amy_962,Skin_795_reach,Pokemon_Michelle_252,Skin_558_modern
728,True,Pokemon_Bryan_72,Skin_267_wish,Pokemon_Chad_515,Skin_980_his
729,False,Pokemon_Larry_877,Skin_520_discussion,Pokemon_Evelyn_302,Skin_264_company
730,False,Pokemon_Amanda_88,Skin_388_agency,Pokemon_James_395,Skin_257_however
731,False,Pokemon_Brianna_473,Skin_808_thousand,Pokemon_Jessica_318,Skin_827_opportunity
732,False,Pokemon_Evan_7,Skin_949_especially,Pokemon_Kyle_476,Skin_697_reason
733,False,Pokemon_Kristina_66,Skin_617_father,Pokemon_Nicholas_812,Skin_128_him
734,True,Pokemon_Andrew_418,Skin_445_friend,Pokemon_Melissa_780,Skin_431_my
735,True,Pokemon_Michael_665,Skin_781_beyond,Pokemon_Cole_213,Skin_114_unit
736,False,Pokemon_Heather_124,Skin_653_left,Pokemon_Marcus_949,Skin_730_day
737,False,Pokemon_Joseph_545,Skin_73_drop,Pokemon_Brianna_193,Skin_789_stuff
738,True,Pokemon_Kristin_994,Skin_49_you,Pokemon_Theresa_934,Skin_503_member
739,False,Pokemon_Margaret_362,Skin_681_issue,Pokemon_David_242,Skin_642_director
740,False,Pokemon_Gail_260,Skin_990_throw,Pokemon_Lonnie_634,Skin_229_agreement
741,False,Pokemon_Jeffrey_222,Skin_720_scene,Pokemon_Eric_59,Skin_773_add
742,True,Pokemon_James_21,Skin_395_rest,Pokemon_Joseph_592,Skin_972_heavy
743,False,Pokemon_Cody_808,Skin_130_sound,Pokemon_Daniel_415,Skin_450_writer
744,False,Pokemon_Karen_330,Skin_22_hot,Pokemon_Shelby_29,Skin_627_successful
745,False,Pokemon_Cory_176,Skin_887_fill,Pokemon_April_920,Skin_438_poor
746,False,Pokemon_Alexander_507,Skin_560_debate,Pokemon_Patricia_830,Skin_675_stop
747,True,Pokemon_Rachel_963,Skin_349_lead,Pokemon_Cory_390,Skin_64_kind
748,True,Pokemon_Mary_787,Skin_970_Congress,Pokemon_Richard_964,Skin_668_worker
749,True,Pokemon_Bradley_976,Skin_523_water,Pokemon_Margaret_362,Skin_681_issue
750,True,Pokemon_Michelle_252,Skin_405_city,Pokemon_Frank_86,Skin_33_write
751,True,Pokemon_Shannon_481,Skin_666_clear,Pokemon_Javier_45,Skin_875_throw
752,True,Pokemon_Michael_486,Skin_200_record,Pokemon_Andrew_865,Skin_636_pressure
753,True,Pokemon_Larry_877,Skin_261_chance,Pokemon_David_496,Skin_831_position
754,False,Pokemon_Tiffany_181,Skin_177_determine,Pokemon_Anna_250,Skin_268_yard
755,False,Pokemon_Samantha_759,Skin_53_evening,Pokemon_Michael_486,Skin_841_American
756,False,Pokemon_Julie_855,Skin_12_friend,Pokemon_Ricardo_259,Skin_430_three
757,False,Pokemon_Eric_331,Skin_842_energy,Pokemon_Travis_414,Skin_873_become
758,False,Pokemon_Elaine_198,Skin_623_employee,Pokemon_Mark_518,Skin_724_road
759,True,Pokemon_Jason_300,Skin_126_myself,Pokemon_Marco_655,Skin_448_kind
760,False,Pokemon_Andrew_901,Skin_612_station,Pokemon_Mary_849,Skin_446_research
761,False,Pokemon_Karen_681,Skin_895_blue,Pokemon_April_89,Skin_199_since
762,True,Pokemon_Crystal_273,Skin_282_agent,Pokemon_Hannah_248,Skin_929_be
763,False,Pokemon_Sandra_447,Skin_652_product,Pokemon_Brianna_710,Skin_969_suffer
764,False,Pokemon_Andrew_901,Skin_612_station,Pokemon_April_109,Skin_295_protect
765,False,Pokemon_Marilyn_55,Skin_307_eat,Pokemon_Kristine_829,Skin_926_society
766,False,Pokemon_Chad_426,Skin_31_of,Pokemon_Anthony_511,Skin_910_hold
767,True,Pokemon_Katherine_935,Skin_248_physical,Pokemon_Samantha_883,Skin_499_discover
768,False,Pokemon_Kristen_239,Skin_280_authority,Pokemon_Angel_616,Skin_757_send
769,True,Pokemon_James_777,Skin_716_check,Pokemon_Alexandria_189,Skin_905_lead
770,False,Pokemon_Emily_961,Skin_638_cultural,Pokemon_Alexandria_189,Skin_908_wall
771,False,Pokemon_Cynthia_510,Skin_109_general,Pokemon_James_21,Skin_805_prove
772,False,Pokemon_Richard_444,Skin_122_arrive,Pokemon_Emily_469,Skin_780_seven
773,True,Pokemon_Luis_174,Skin_507_action,Pokemon_Christopher_324,Skin_595_wife
774,False,Pokemon_Charles_160,Skin_961_feel,Pokemon_Brandon_399,Skin_620_attack
775,True,Pokemon_Daniel_254,Skin_783_game,Pokemon_Thomas_204,Skin_432_reveal
776,True,Pokemon_Daniel_415,Skin_450_writer,Pokemon_Hannah_598,Skin_52_site
777,False,Pokemon_Nicole_364,Skin_930_process,Pokemon_Jerry_357,Skin_102_example
778,True,Pokemon_Dawn_326,Skin_966_sense,Pokemon_Marco_655,Skin_448_kind
779,True,Pokemon_Margaret_362,Skin_205_available,Pokemon_Alexandria_189,Skin_905_lead
780,True,Pokemon_Michelle_252,Skin_726_success,Pokemon_Shane_698,Skin_242_process
781,False,Pokemon_Kurt_955,Skin_137_reveal,Pokemon_Jason_495,Skin_872_scientist
782,False,Pokemon_Alejandro_1,Skin_543_interest,Pokemon_Nicole_364,Skin_930_process
783,False,Pokemon_Stephen_604,Skin_920_bit,Pokemon_Samantha_759,Skin_53_evening
784,False,Pokemon_Justin_851,Skin_473_own,Pokemon_Joseph_592,Skin_39_call
785,False,Pokemon_Heather_279,Skin_547_both,Pokemon_Melissa_992,Skin_478_doctor
786,False,Pokemon_April_920,Skin_438_poor,Pokemon_Jennifer_20,Skin_251_daughter
787,False,Pokemon_Robert_971,Skin_314_stand,Pokemon_Diane_187,Skin_550_perform
788,True,Pokemon_Brittney_694,Skin_482_right,Pokemon_Robert_455,Skin_644_phone
789,False,Pokemon_Charles_537,Skin_798_government,Pokemon_Jonathan_460,Skin_667_hair
790,False,Pokemon_Jack_559,Skin_746_sure,Pokemon_Jennifer_755,Skin_67_majority
791,False,Pokemon_Elizabeth_986,Skin_546_pattern,Pokemon_Shannon_354,Skin_991_beyond
792,True,Pokemon_Gloria_859,Skin_677_evidence,Pokemon_Amy_962,Skin_171_money
793,True,Pokemon_Casey_816,Skin_85_matter,Pokemon_David_242,Skin_642_director
794,False,Pokemon_Thomas_204,Skin_45_success,Pokemon_Raymond_283,Skin_161_explain
795,True,Pokemon_Alexander_507,Skin_651_citizen,Pokemon_Ernest_925,Skin_289_what
796,True,Pokemon_Robert_884,Skin_169_start,Pokemon_Michael_665,Skin_781_beyond
797,False,Pokemon_Travis_414,Skin_873_become,Pokemon_Rebecca_867,Skin_718_turn
798,False,Pokemon_Jennifer_62,Skin_308_threat,Pokemon_Mark_518,Skin_210_probably
799,True,Pokemon_Curtis_811,Skin_47_senior,Pokemon_Richard_964,Skin_668_worker
800,False,Pokemon_Larry_877,Skin_477_management,Pokemon_Joseph_592,Skin_39_call
801,True,Pokemon_Melissa_788,Skin_468_decide,Pokemon_Jacob_153,Skin_662_design
802,False,Pokemon_Lindsay_42,Skin_163_cultural,Pokemon_Emily_392,Skin_423_history
803,False,Pokemon_Mark_105,Skin_957_always,Pokemon_Connie_149,Skin_461_process
804,False,Pokemon_Brianna_193,Skin_789_stuff,Pokemon_Marcus_585,Skin_614_operation
805,True,Pokemon_Adam_800,Skin_253_mission,Pokemon_Alexis_500,Skin_680_treatment
806,True,Pokemon_Randy_154,Skin_156_ball,Pokemon_David_941,Skin_871_nothing
807,True,Pokemon_Kari_356,Skin_28_source,Pokemon_Paul_965,Skin_418_near
808,False,Pokemon_Joshua_467,Skin_434_foot,Pokemon_Sarah_638,Skin_99_movement
809,True,Pokemon_Matthew_377,Skin_463_wind,Pokemon_Thomas_204,Skin_45_success
810,True,Pokemon_Kristopher_298,Skin_782_Republican,Pokemon_Joseph_592,Skin_39_call
811,True,Pokemon_Mark_105,Skin_957_always,Pokemon_Brian_776,Skin_406_public
812,False,Pokemon_Ashley_577,Skin_649_phone,Pokemon_Katherine_935,Skin_248_physical
813,False,Pokemon_David_373,Skin_385_set,Pokemon_Ernest_925,Skin_289_what
814,False,Pokemon_Carol_438,Skin_944_service,Pokemon_Nicole_364,Skin_930_process
815,False,Pokemon_Kurt_955,Skin_137_reveal,Pokemon_April_920,Skin_438_poor
816,True,Pokemon_Lawrence_746,Skin_462_most,Pokemon_Joseph_983,Skin_869_agent
817,True,Pokemon_Larry_877,Skin_261_chance,Pokemon_Gail_391,Skin_557_party
818,False,Pokemon_Holly_80,Skin_738_operation,Pokemon_Andrew_418,Skin_958_hold
819,True,Pokemon_Anthony_628,Skin_979_environment,Pokemon_Phillip_301,Skin_4_hair
820,True,Pokemon_Anthony_104,Skin_604_record,Pokemon_Rachel_230,Skin_763_sing
821,True,Pokemon_Richard_964,Skin_668_worker,Pokemon_Jasmine_369,Skin_339_perform
822,False,Pokemon_William_97,Skin_723_keep,Pokemon_Kathleen_862,Skin_151_will
823,False,Pokemon_Tammy_84,Skin_845_see,Pokemon_Jesse_167,Skin_633_those
824,False,Pokemon_Cynthia_521,Skin_278_tend,Pokemon_Shane_698,Skin_694_set
825,False,Pokemon_Anthony_104,Skin_311_blue,Pokemon_April_570,Skin_928_maybe
826,True,Pokemon_Allen_291,Skin_973_company,Pokemon_Vincent_393,Skin_299_where
827,True,Pokemon_Lawrence_746,Skin_549_computer,Pokemon_John_263,Skin_188_I
828,True,Pokemon_David_373,Skin_605_employee,Pokemon_Maria_504,Skin_594_amount
829,True,Pokemon_Leah_707,Skin_669_today,Pokemon_Angela_430,Skin_428_vote
830,True,Pokemon_Kevin_264,Skin_354_statement,Pokemon_Christopher_586,Skin_888_responsibility
831,False,Pokemon_Sara_938,Skin_345_start,Pokemon_Cynthia_988,Skin_357_task
832,False,Pokemon_Robert_801,Skin_527_one,Pokemon_Curtis_811,Skin_47_senior
833,False,Pokemon_Daisy_271,Skin_230_term,Pokemon_Joe_389,Skin_676_accept
834,False,Pokemon_James_777,Skin_716_check,Pokemon_Jessica_318,Skin_708_wrong
835,False,Pokemon_Jennifer_457,Skin_208_board,Pokemon_Tiffany_181,Skin_177_determine
836,False,Pokemon_Michael_486,Skin_200_record,Pokemon_Anthony_104,Skin_393_give
837,True,Pokemon_Samantha_883,Skin_499_discover,Pokemon_Jason_423,Skin_843_modern
838,True,Pokemon_Heather_124,Skin_653_left,Pokemon_James_424,Skin_235_trip
839,False,Pokemon_April_89,Skin_608_certain,Pokemon_John_110,Skin_535_soldier
840,False,Pokemon_Diamond_863,Skin_95_discuss,Pokemon_Michael_815,Skin_194_tend
841,False,Pokemon_Terri_673,Skin_108_traditional,Pokemon_Jo_142,Skin_931_program
842,True,Pokemon_Anthony_104,Skin_604_record,Pokemon_Jose_474,Skin_213_far
843,True,Pokemon_Robin_828,Skin_331_nation,Pokemon_Steven_115,Skin_598_drug
844,False,Pokemon_Gloria_859,Skin_677_evidence,Pokemon_Jack_93,Skin_860_our
845,True,Pokemon_Sandra_229,Skin_54_hand,Pokemon_Richard_98,Skin_698_interesting
846,True,Pokemon_Lisa_306,Skin_104_network,Pokemon_Melissa_523,Skin_904_per
847,False,Pokemon_Jennifer_659,Skin_898_idea,Pokemon_Jeffrey_222,Skin_720_scene
848,False,Pokemon_Cynthia_510,Skin_109_general,Pokemon_Kristen_294,Skin_372_offer
849,True,Pokemon_Jessica_731,Skin_447_produce,Pokemon_Aaron_640,Skin_664_note
850,False,Pokemon_Rebecca_867,Skin_987_maintain,Pokemon_Jessica_606,Skin_927_something
851,True,Pokemon_Wayne_309,Skin_635_total,Pokemon_Rachel_230,Skin_763_sing
852,True,Pokemon_Krista_594,Skin_772_site,Pokemon_Amy_962,Skin_171_money
853,True,Pokemon_Nathaniel_348,Skin_994_house,Pokemon_Samantha_65,Skin_890_nearly
854,False,Pokemon_Michael_420,Skin_754_seem,Pokemon_Linda_468,Skin_351_Mrs
855,False,Pokemon_Emily_961,Skin_638_cultural,Pokemon_Monica_923,Skin_902_receive
856,False,Pokemon_Rachel_278,Skin_29_summer,Pokemon_Brandi_642,Skin_364_politics
857,True,Pokemon_Xavier_945,Skin_806_hold,Pokemon_Mary_887,Skin_103_born
858,True,Pokemon_Joseph_396,Skin_938_western,Pokemon_Allen_291,Skin_481_election
859,False,Pokemon_Stephen_604,Skin_920_bit,Pokemon_Erica_148,Skin_673_hard
860,False,Pokemon_Linda_832,Skin_227_worker,Pokemon_Diane_202,Skin_968_she
861,True,Pokemon_Michael_617,Skin_322_spring,Pokemon_Kayla_79,Skin_399_forward
862,True,Pokemon_Daniel_254,Skin_783_game,Pokemon_Heather_600,Skin_497_standard
863,False,Pokemon_April_702,Skin_801_whole,Pokemon_Marie_709,Skin_236_threat
864,False,Pokemon_Samantha_759,Skin_237_main,Pokemon_Ashley_179,Skin_76_safe
865,False,Pokemon_Mark_518,Skin_794_total,Pokemon_Michelle_879,Skin_682_now
866,False,Pokemon_Julie_855,Skin_838_somebody,Pokemon_Christopher_324,Skin_595_wife
867,False,Pokemon_Ashlee_265,Skin_502_population,Pokemon_Katherine_935,Skin_248_physical
868,False,Pokemon_Lacey_172,Skin_152_water,Pokemon_Julie_855,Skin_12_friend
869,False,Pokemon_Sarah_638,Skin_99_movement,Pokemon_Christian_63,Skin_800_Democrat
870,True,Pokemon_Angela_471,Skin_609_face,Pokemon_Clinton_853,Skin_116_among
871,True,Pokemon_Corey_656,Skin_574_strategy,Pokemon_Felicia_618,Skin_346_create
872,False,Pokemon_Cody_808,Skin_130_sound,Pokemon_Phillip_301,Skin_4_hair
873,False,Pokemon_Melissa_909,Skin_702_protect,Pokemon_April_570,Skin_928_maybe
874,True,Pokemon_Eileen_989,Skin_228_learn,Pokemon_Jack_93,Skin_265_outside
875,True,Pokemon_David_496,Skin_831_position,Pokemon_Allison_185,Skin_117_ball
876,False,Pokemon_Hannah_598,Skin_52_site,Pokemon_James_823,Skin_903_space
877,True,Pokemon_Joseph_545,Skin_73_drop,Pokemon_James_118,Skin_83_feeling
878,False,Pokemon_Jessica_606,Skin_927_something,Pokemon_April_570,Skin_159_care
879,True,Pokemon_Mary_787,Skin_970_Congress,Pokemon_Mark_105,Skin_32_politics
880,True,Pokemon_Eddie_19,Skin_362_prepare,Pokemon_Richard_444,Skin_234_decide
881,True,Pokemon_Gregory_107,Skin_825_outside,Pokemon_Michael_420,Skin_754_seem
882,False,Pokemon_Ashley_577,Skin_252_defense,Pokemon_Curtis_811,Skin_809_firm
883,True,Pokemon_Martha_797,Skin_493_company,Pokemon_Evelyn_302,Skin_264_company
884,False,Pokemon_Mark_555,Skin_196_several,Pokemon_Adam_800,Skin_253_mission
885,False,Pokemon_Jessica_158,Skin_836_American,Pokemon_Alejandro_1,Skin_543_interest
886,True,Pokemon_Ryan_661,Skin_924_task,Pokemon_Kristin_994,Skin_49_you
887,True,Pokemon_Anna_703,Skin_125_artist,Pokemon_Joseph_396,Skin_938_western
888,True,Pokemon_Michelle_252,Skin_558_modern,Pokemon_Ann_241,Skin_320_either
889,True,Pokemon_Joshua_890,Skin_714_those,Pokemon_Ryan_661,Skin_924_task
890,False,Pokemon_Mark_518,Skin_794_total,Pokemon_Ashley_179,Skin_76_safe
891,False,Pokemon_James_424,Skin_235_trip,Pokemon_Raymond_283,Skin_956_late
892,False,Pokemon_James_424,Skin_235_trip,Pokemon_James_777,Skin_246_these
893,False,Pokemon_Leah_880,Skin_167_picture,Pokemon_Tammy_84,Skin_845_see
894,True,Pokemon_Yvette_488,Skin_852_present,Pokemon_Roger_168,Skin_847_fall
895,True,Pokemon_Jesse_643,Skin_470_debate,Pokemon_Richard_964,Skin_940_stage
896,False,Pokemon_Thomas_428,Skin_353_house,Pokemon_Andrea_186,Skin_955_statement
897,True,Pokemon_Timothy_533,Skin_337_city,Pokemon_David_461,Skin_659_generation
898,False,Pokemon_Jennifer_275,Skin_454_team,Pokemon_Heather_713,Skin_495_think
899,True,Pokemon_Derek_119,Skin_347_live,Pokemon_Kyle_476,Skin_697_reason
900,True,Pokemon_Andrew_23,Skin_121_may,Pokemon_Mark_74,Skin_993_our
901,False,Pokemon_Jennifer_20,Skin_192_move,Pokemon_Tammy_25,Skin_515_stop
902,True,Pokemon_Casey_816,Skin_539_reality,Pokemon_Emily_412,Skin_397_leader
903,False,Pokemon_Larry_978,Skin_593_building,Pokemon_Larry_978,Skin_593_building
904,False,Pokemon_Brittney_694,Skin_576_attack,Pokemon_Nicole_364,Skin_930_process
905,True,Pokemon_Kurt_955,Skin_137_reveal,Pokemon_Lisa_893,Skin_37_seat
906,False,Pokemon_Andrew_385,Skin_343_note,Pokemon_Carlos_114,Skin_408_there
907,False,Pokemon_Andrew_865,Skin_636_pressure,Pokemon_Michael_617,Skin_322_spring
908,True,Pokemon_Chad_426,Skin_89_support,Pokemon_Kevin_264,Skin_354_statement
909,False,Pokemon_Gabriel_574,Skin_537_front,Pokemon_Lonnie_634,Skin_563_different
910,False,Pokemon_Michael_911,Skin_13_must,Pokemon_Cynthia_988,Skin_357_task
911,True,Pokemon_Alexis_500,Skin_573_such,Pokemon_Nicole_35,Skin_220_agent
912,False,Pokemon_Brandi_642,Skin_313_rather,Pokemon_Tammy_621,Skin_485_reflect
913,False,Pokemon_Alexis_500,Skin_586_memory,Pokemon_Jessica_606,Skin_452_dinner
914,False,Pokemon_Paul_965,Skin_418_near,Pokemon_James_927,Skin_367_fear
915,True,Pokemon_Jesse_643,Skin_470_debate,Pokemon_Eric_315,Skin_449_hour
916,True,Pokemon_Steven_566,Skin_240_himself,Pokemon_Darryl_669,Skin_916_above
917,False,Pokemon_Rebecca_867,Skin_987_maintain,Pokemon_Kayla_565,Skin_734_hot
918,False,Pokemon_Zachary_274,Skin_802_whatever,Pokemon_Lawrence_746,Skin_549_computer
919,False,Pokemon_Karen_910,Skin_844_her,Pokemon_Kristin_994,Skin_49_you
920,False,Pokemon_Andrea_186,Skin_501_force,Pokemon_Daniel_254,Skin_783_game
921,True,Pokemon_Karen_848,Skin_658_according,Pokemon_James_118,Skin_83_feeling
922,True,Pokemon_Tina_885,Skin_728_per,Pokemon_David_461,Skin_992_good
923,True,Pokemon_Robert_554,Skin_139_civil,Pokemon_Edward_56,Skin_732_project
924,False,Pokemon_Joshua_890,Skin_943_data,Pokemon_Alexis_500,Skin_573_such
925,True,Pokemon_Cynthia_510,Skin_109_general,Pokemon_Amanda_310,Skin_484_court
926,False,Pokemon_Eileen_989,Skin_228_learn,Pokemon_Jessica_606,Skin_927_something
927,False,Pokemon_David_496,Skin_882_forget,Pokemon_Tiffany_16,Skin_528_time
928,False,Pokemon_Samantha_737,Skin_919_ten,Pokemon_James_118,Skin_83_feeling
929,True,Pokemon_Luke_593,Skin_820_hot,Pokemon_Lisa_306,Skin_104_network
930,True,Pokemon_Eric_315,Skin_449_hour,Pokemon_David_496,Skin_831_position
931,False,Pokemon_Zachary_274,Skin_802_whatever,Pokemon_James_719,Skin_162_argue
932,True,Pokemon_Ricardo_259,Skin_430_three,Pokemon_Michelle_879,Skin_665_interesting
933,True,Pokemon_Annette_209,Skin_756_million,Pokemon_Robert_769,Skin_650_course
934,False,Pokemon_Jade_317,Skin_120_produce,Pokemon_Susan_605,Skin_455_parent
935,True,Pokemon_Raymond_283,Skin_161_explain,Pokemon_Susan_739,Skin_813_Mr
936,True,Pokemon_Yvette_488,Skin_852_present,Pokemon_John_102,Skin_863_none
937,True,Pokemon_Alexis_332,Skin_996_team,Pokemon_Michael_617,Skin_322_spring
938,True,Pokemon_Destiny_784,Skin_632_you,Pokemon_Jay_217,Skin_829_school
939,False,Pokemon_Peter_529,Skin_857_mind,Pokemon_Carrie_152,Skin_881_white
940,True,Pokemon_Kyle_758,Skin_360_subject,Pokemon_Mark_105,Skin_32_politics
941,False,Pokemon_Kayla_565,Skin_950_program,Pokemon_Harold_32,Skin_18_sign
942,True,Pokemon_Curtis_602,Skin_962_evening,Pokemon_Brianna_553,Skin_306_dark
943,False,Pokemon_Jessica_305,Skin_202_address,Pokemon_Judith_417,Skin_41_effort
944,False,Pokemon_Shannon_481,Skin_666_clear,Pokemon_Marcus_541,Skin_88_would
945,False,Pokemon_Brittany_706,Skin_690_friend,Pokemon_Phillip_301,Skin_4_hair
946,False,Pokemon_Paul_965,Skin_418_near,Pokemon_Zachary_274,Skin_90_company
947,True,Pokemon_Gloria_859,Skin_696_likely,Pokemon_David_386,Skin_6_member
948,True,Pokemon_Luke_593,Skin_820_hot,Pokemon_Jose_897,Skin_498_itself
949,False,Pokemon_John_110,Skin_535_soldier,Pokemon_Hannah_598,Skin_52_site
950,False,Pokemon_James_395,Skin_390_answer,Pokemon_Nicole_35,Skin_220_agent
951,True,Pokemon_Gail_260,Skin_990_throw,Pokemon_John_860,Skin_695_campaign
952,True,Pokemon_Jasmine_369,Skin_352_join,Pokemon_Nicole_639,Skin_376_white
953,False,Pokemon_Kimberly_190,Skin_786_ever,Pokemon_Justin_182,Skin_275_notice
954,True,Pokemon_Sara_938,Skin_106_night,Pokemon_Marco_655,Skin_215_realize
955,True,Pokemon_Michael_815,Skin_194_tend,Pokemon_Susan_605,Skin_370_church
956,True,Pokemon_Steven_566,Skin_885_window,Pokemon_Mackenzie_534,Skin_185_though
957,False,Pokemon_Erica_148,Skin_673_hard,Pokemon_James_719,Skin_162_argue
958,True,Pokemon_Alexander_507,Skin_651_citizen,Pokemon_John_860,Skin_877_attack
959,False,Pokemon_Charles_160,Skin_961_feel,Pokemon_Michele_771,Skin_145_interesting
960,False,Pokemon_April_702,Skin_801_whole,Pokemon_Mark_518,Skin_724_road
961,True,Pokemon_Chad_426,Skin_46_son,Pokemon_Steven_566,Skin_519_key
962,True,Pokemon_Gail_260,Skin_990_throw,Pokemon_Michael_486,Skin_701_week
963,True,Pokemon_Elizabeth_470,Skin_391_employee,Pokemon_Jennifer_62,Skin_308_threat
964,False,Pokemon_Robin_828,Skin_331_nation,Pokemon_Laura_288,Skin_249_final
965,False,Pokemon_Raymond_283,Skin_956_late,Pokemon_Timothy_71,Skin_94_become
966,False,Pokemon_Michael_918,Skin_43_pattern,Pokemon_Luis_174,Skin_507_action
967,False,Pokemon_Samantha_759,Skin_814_garden,Pokemon_Audrey_131,Skin_365_image
968,False,Pokemon_Shirley_718,Skin_241_effort,Pokemon_Kayla_240,Skin_166_receive
969,True,Pokemon_Luke_593,Skin_820_hot,Pokemon_Selena_799,Skin_270_effort
970,False,Pokemon_Joseph_592,Skin_39_call,Pokemon_Ann_241,Skin_320_either
971,True,Pokemon_Jessica_235,Skin_474_election,Pokemon_William_18,Skin_833_same
972,True,Pokemon_James_627,Skin_984_shake,Pokemon_Joshua_890,Skin_714_those
973,True,Pokemon_Mark_295,Skin_38_human,Pokemon_Kathleen_862,Skin_151_will
974,False,Pokemon_Melissa_992,Skin_478_doctor,Pokemon_Christopher_184,Skin_777_two
975,True,Pokemon_Cynthia_510,Skin_109_general,Pokemon_Leslie_339,Skin_142_somebody
976,True,Pokemon_Sophia_491,Skin_62_future,Pokemon_Marcus_541,Skin_591_positive
977,False,Pokemon_Adriana_462,Skin_603_usually,Pokemon_Amber_740,Skin_522_actually
978,False,Pokemon_David_242,Skin_361_hit,Pokemon_Ashley_350,Skin_581_positive
979,True,Pokemon_Timothy_71,Skin_94_become,Pokemon_April_109,Skin_295_protect
980,True,Pokemon_April_89,Skin_199_since,Pokemon_Mackenzie_534,Skin_185_though
981,False,Pokemon_Jay_217,Skin_65_property,Pokemon_Zachary_130,Skin_7_best
982,True,Pokemon_James_5,Skin_575_voice,Pokemon_Mark_817,Skin_865_end
983,True,Pokemon_Susan_51,Skin_765_visit,Pokemon_Shane_458,Skin_691_TV
984,False,Pokemon_Luis_612,Skin_727_reduce,Pokemon_Christina_654,Skin_719_region
985,True,Pokemon_Daniel_415,Skin_170_power,Pokemon_Wayne_847,Skin_419_choose
986,False,Pokemon_Deborah_304,Skin_670_daughter,Pokemon_Christopher_184,Skin_374_husband
987,False,Pokemon_Tiffany_16,Skin_528_time,Pokemon_Robert_322,Skin_464_dinner
988,True,Pokemon_Shelby_29,Skin_627_successful,Pokemon_Laura_288,Skin_249_final
989,False,Pokemon_Maria_504,Skin_594_amount,Pokemon_Frank_722,Skin_401_garden
990,False,Pokemon_Richard_444,Skin_122_arrive,Pokemon_James_78,Skin_392_behavior
991,True,Pokemon_Jessica_697,Skin_105_thing,Pokemon_Laura_288,Skin_897_budget
992,False,Pokemon_Timothy_71,Skin_94_become,Pokemon_Angela_471,Skin_609_face
993,False,Pokemon_Tiffany_943,Skin_934_important,Pokemon_Christina_654,Skin_719_region
994,False,Pokemon_Eric_331,Skin_602_campaign,Pokemon_Alexander_507,Skin_663_because
995,False,Pokemon_Ryan_9,Skin_74_keep,Pokemon_Steven_115,Skin_598_drug
996,True,Pokemon_Kimberly_190,Skin_555_think,Pokemon_Alexis_332,Skin_332_management
997,False,Pokemon_Susan_532,Skin_44_rate,Pokemon_Zachary_130,Skin_7_best
998,True,Pokemon_Nathaniel_475,Skin_164_do,Pokemon_Michelle_252,Skin_369_west
999,True,Pokemon_Kurt_955,Skin_582_dog,Pokemon_Laura_597,Skin_884_ball
1000,True,Pokemon_Michael_617,Skin_568_cultural,Pokemon_Cory_176,Skin_887_fill
