J_Nombre,R_J_Nombre,R_nombre,PC_numero
thoward0,thoward0,Ropa_0_someone,837
thoward0,thoward0,Ropa_1_three,858
pattersongina1,pattersongina1,Ropa_0_teacher,155
pattersongina1,pattersongina1,Ropa_2_organization,430
oramirez2,oramirez2,Ropa_1_dinner,408
oramirez2,oramirez2,Ropa_2_letter,939
jessicaanderson3,jessicaanderson3,Ropa_0_do,660
jessicaanderson3,jessicaanderson3,Ropa_1_benefit,508
jessicaanderson3,jessicaanderson3,Ropa_2_type,188
brent294,brent294,Ropa_1_firm,208
brent294,brent294,Ropa_2_thus,108
lsanders5,lsanders5,Ropa_2_break,186
rogersjoshua6,rogersjoshua6,Ropa_0_there,30
rogersjoshua6,rogersjoshua6,Ropa_1_old,646
rogersjoshua6,rogersjoshua6,Ropa_2_after,506
jennifer907,jennifer907,Ropa_0_agency,115
jennifer907,jennifer907,Ropa_2_still,858
gthompson8,gthompson8,Ropa_0_build,839
gthompson8,gthompson8,Ropa_2_fact,485
williamsryan9,williamsryan9,Ropa_0_skin,955
moorechristopher10,moorechristopher10,Ropa_0_firm,564
moorechristopher10,moorechristopher10,Ropa_2_bill,877
katrinaadams11,katrinaadams11,Ropa_0_school,402
katrinaadams11,katrinaadams11,Ropa_1_manage,382
katrinaadams11,katrinaadams11,Ropa_2_happen,56
guerrerosteven12,guerrerosteven12,Ropa_0_member,622
guerrerosteven12,guerrerosteven12,Ropa_1_baby,171
guerrerosteven12,guerrerosteven12,Ropa_2_court,449
daniel6313,daniel6313,Ropa_0_toward,679
gtaylor14,gtaylor14,Ropa_0_power,862
gtaylor14,gtaylor14,Ropa_1_family,867
gtaylor14,gtaylor14,Ropa_2_available,289
lharris15,lharris15,Ropa_0_to,702
lharris15,lharris15,Ropa_1_economic,728
lharris15,lharris15,Ropa_2_break,659
vjensen16,vjensen16,Ropa_0_town,211
vjensen16,vjensen16,Ropa_2_admit,388
mullinswyatt17,mullinswyatt17,Ropa_0_everyone,690
mullinswyatt17,mullinswyatt17,Ropa_1_friend,895
mullinswyatt17,mullinswyatt17,Ropa_2_economy,224
burnetteric18,burnetteric18,Ropa_0_close,571
burnetteric18,burnetteric18,Ropa_1_because,241
burnetteric18,burnetteric18,Ropa_2_capital,746
cody7919,cody7919,Ropa_2_even,37
thoover20,thoover20,Ropa_0_must,171
thoover20,thoover20,Ropa_2_better,331
ncampbell21,ncampbell21,Ropa_0_statement,978
ncampbell21,ncampbell21,Ropa_1_probably,845
ncampbell21,ncampbell21,Ropa_2_another,177
steven6422,steven6422,Ropa_1_rule,171
ogates23,ogates23,Ropa_2_between,561
websterjessica24,websterjessica24,Ropa_0_leader,272
websterjessica24,websterjessica24,Ropa_1_act,442
websterjessica24,websterjessica24,Ropa_2_address,719
edward4825,edward4825,Ropa_1_support,558
vincent3726,vincent3726,Ropa_0_born,849
kayla7827,kayla7827,Ropa_2_notice,956
bobby6628,bobby6628,Ropa_0_door,992
bobby6628,bobby6628,Ropa_1_choose,573
bobby6628,bobby6628,Ropa_2_cut,383
amymcdonald29,amymcdonald29,Ropa_1_pressure,542
amymcdonald29,amymcdonald29,Ropa_2_article,503
samantha6330,samantha6330,Ropa_0_expect,816
samantha6330,samantha6330,Ropa_1_movement,466
samantha6330,samantha6330,Ropa_2_among,676
william7831,william7831,Ropa_0_his,253
william7831,william7831,Ropa_1_table,135
william7831,william7831,Ropa_2_later,266
nicholasjones32,nicholasjones32,Ropa_0_lose,802
nicholasjones32,nicholasjones32,Ropa_1_American,837
milesdiane33,milesdiane33,Ropa_1_ten,466
milesdiane33,milesdiane33,Ropa_2_where,195
ramirezchristine34,ramirezchristine34,Ropa_0_executive,666
ramirezchristine34,ramirezchristine34,Ropa_1_marriage,332
garciabenjamin35,garciabenjamin35,Ropa_0_air,820
garciabenjamin35,garciabenjamin35,Ropa_2_identify,855
brian2336,brian2336,Ropa_0_performance,108
brian2336,brian2336,Ropa_1_here,905
brian2336,brian2336,Ropa_2_specific,271
ericcochran37,ericcochran37,Ropa_0_here,343
ericcochran37,ericcochran37,Ropa_1_bag,709
ericcochran37,ericcochran37,Ropa_2_certain,846
kim1338,kim1338,Ropa_0_bed,828
kim1338,kim1338,Ropa_1_role,226
kim1338,kim1338,Ropa_2_Republican,324
walter9839,walter9839,Ropa_1_reach,784
walter9839,walter9839,Ropa_2_order,831
halljames41,halljames41,Ropa_0_off,853
halljames41,halljames41,Ropa_2_everybody,866
victoriaadams42,victoriaadams42,Ropa_0_add,542
victoriaadams42,victoriaadams42,Ropa_1_claim,148
davidcollier43,davidcollier43,Ropa_1_mother,970
davidcollier43,davidcollier43,Ropa_2_record,317
john5644,john5644,Ropa_0_point,113
john5644,john5644,Ropa_2_image,760
reginaanderson45,reginaanderson45,Ropa_0_image,843
reginaanderson45,reginaanderson45,Ropa_1_nice,587
jaustin46,jaustin46,Ropa_0_foot,568
jaustin46,jaustin46,Ropa_1_process,196
harriscarrie47,harriscarrie47,Ropa_0_page,513
harriscarrie47,harriscarrie47,Ropa_1_likely,465
harriscarrie47,harriscarrie47,Ropa_2_can,968
joshua1448,joshua1448,Ropa_1_sure,655
christopher5349,christopher5349,Ropa_0_policy,549
christopher5349,christopher5349,Ropa_1_yet,613
christopher5349,christopher5349,Ropa_2_plant,264
htapia50,htapia50,Ropa_0_fast,511
htapia50,htapia50,Ropa_1_science,292
ashley0651,ashley0651,Ropa_0_minute,239
ashley0651,ashley0651,Ropa_1_moment,772
ashley0651,ashley0651,Ropa_2_identify,891
gabrielavillarreal52,gabrielavillarreal52,Ropa_0_more,214
gabrielavillarreal52,gabrielavillarreal52,Ropa_1_director,382
gabrielavillarreal52,gabrielavillarreal52,Ropa_2_without,366
stephanieflores54,stephanieflores54,Ropa_1_bit,358
stephanieflores54,stephanieflores54,Ropa_2_create,305
kpratt56,kpratt56,Ropa_1_minute,642
kpratt56,kpratt56,Ropa_2_nearly,517
nancy7857,nancy7857,Ropa_0_politics,844
nancy7857,nancy7857,Ropa_1_Congress,986
nancy7857,nancy7857,Ropa_2_realize,829
tammiebuck58,tammiebuck58,Ropa_0_baby,608
gkrause59,gkrause59,Ropa_0_actually,143
gkrause59,gkrause59,Ropa_1_total,26
gkrause59,gkrause59,Ropa_2_them,718
willie4660,willie4660,Ropa_1_defense,633
ebony8261,ebony8261,Ropa_0_marriage,781
ebony8261,ebony8261,Ropa_1_assume,879
ebony8261,ebony8261,Ropa_2_around,663
ddiaz62,ddiaz62,Ropa_1_outside,819
ddiaz62,ddiaz62,Ropa_2_north,900
april9363,april9363,Ropa_0_huge,752
april9363,april9363,Ropa_1_soldier,401
april9363,april9363,Ropa_2_strong,675
brian8464,brian8464,Ropa_0_newspaper,776
brian8464,brian8464,Ropa_1_name,521
brian8464,brian8464,Ropa_2_guy,49
ytaylor65,ytaylor65,Ropa_0_western,596
ytaylor65,ytaylor65,Ropa_1_gun,7
ytaylor65,ytaylor65,Ropa_2_weight,778
gsummers66,gsummers66,Ropa_0_my,861
gsummers66,gsummers66,Ropa_1_test,753
uarroyo67,uarroyo67,Ropa_0_individual,668
uarroyo67,uarroyo67,Ropa_2_protect,652
xkennedy68,xkennedy68,Ropa_0_energy,956
xkennedy68,xkennedy68,Ropa_1_plant,335
xkennedy68,xkennedy68,Ropa_2_ago,581
pgiles69,pgiles69,Ropa_1_able,228
pgiles69,pgiles69,Ropa_2_team,520
oliverrachael70,oliverrachael70,Ropa_0_military,264
oliverrachael70,oliverrachael70,Ropa_1_anything,456
oliverrachael70,oliverrachael70,Ropa_2_mission,428
hamiltonjoel71,hamiltonjoel71,Ropa_0_scientist,350
hamiltonjoel71,hamiltonjoel71,Ropa_2_me,155
connieswanson72,connieswanson72,Ropa_0_dark,961
connieswanson72,connieswanson72,Ropa_1_street,279
rogersstephanie73,rogersstephanie73,Ropa_0_practice,655
rogersstephanie73,rogersstephanie73,Ropa_1_among,336
rogersstephanie73,rogersstephanie73,Ropa_2_give,409
evelynwhitney74,evelynwhitney74,Ropa_0_make,794
evelynwhitney74,evelynwhitney74,Ropa_1_with,827
evelynwhitney74,evelynwhitney74,Ropa_2_need,321
harristaylor75,harristaylor75,Ropa_0_six,200
harristaylor75,harristaylor75,Ropa_1_must,331
harristaylor75,harristaylor75,Ropa_2_share,345
melissaperez76,melissaperez76,Ropa_1_wish,901
cprice77,cprice77,Ropa_0_Democrat,657
cprice77,cprice77,Ropa_1_by,980
cprice77,cprice77,Ropa_2_let,270
ginamckenzie78,ginamckenzie78,Ropa_0_may,153
ginamckenzie78,ginamckenzie78,Ropa_1_ever,597
ginamckenzie78,ginamckenzie78,Ropa_2_federal,667
coxbradley79,coxbradley79,Ropa_0_people,586
coxbradley79,coxbradley79,Ropa_1_compare,308
coxbradley79,coxbradley79,Ropa_2_main,735
pamela5580,pamela5580,Ropa_0_plant,397
pamela5580,pamela5580,Ropa_1_site,518
johnsonwilliam81,johnsonwilliam81,Ropa_0_front,262
johnsonwilliam81,johnsonwilliam81,Ropa_2_gas,807
shawn7182,shawn7182,Ropa_1_relate,850
shawn7182,shawn7182,Ropa_2_upon,135
robert9484,robert9484,Ropa_0_no,578
robert9484,robert9484,Ropa_1_consumer,220
robert9484,robert9484,Ropa_2_day,766
jordan7685,jordan7685,Ropa_1_Democrat,259
jordan7685,jordan7685,Ropa_2_lot,361
belldonald86,belldonald86,Ropa_0_state,796
belldonald86,belldonald86,Ropa_1_cultural,729
gwebb88,gwebb88,Ropa_0_brother,63
gwebb88,gwebb88,Ropa_1_share,195
gwebb88,gwebb88,Ropa_2_have,793
dcantrell89,dcantrell89,Ropa_1_throw,916
helliott90,helliott90,Ropa_1_source,554
helliott90,helliott90,Ropa_2_wish,732
amanda9091,amanda9091,Ropa_0_boy,674
amanda9091,amanda9091,Ropa_1_fire,852
amanda9091,amanda9091,Ropa_2_red,222
jessicaburton92,jessicaburton92,Ropa_0_goal,39
jessicaburton92,jessicaburton92,Ropa_1_sometimes,95
jessicaburton92,jessicaburton92,Ropa_2_until,885
inolan93,inolan93,Ropa_0_rest,9
inolan93,inolan93,Ropa_1_Mrs,696
inolan93,inolan93,Ropa_2_we,712
nataliereyes95,nataliereyes95,Ropa_0_threat,173
nataliereyes95,nataliereyes95,Ropa_1_poor,999
nataliereyes95,nataliereyes95,Ropa_2_industry,997
gluna96,gluna96,Ropa_1_four,752
tcole97,tcole97,Ropa_0_of,680
tcole97,tcole97,Ropa_1_rich,533
robertallen98,robertallen98,Ropa_1_we,655
robertallen98,robertallen98,Ropa_2_term,633
livingstonalyssa99,livingstonalyssa99,Ropa_1_collection,967
livingstonalyssa99,livingstonalyssa99,Ropa_2_middle,987
smithsara100,smithsara100,Ropa_0_rock,908
smithsara100,smithsara100,Ropa_1_help,401
smithsara100,smithsara100,Ropa_2_avoid,191
jeremy56101,jeremy56101,Ropa_0_education,759
jeremy56101,jeremy56101,Ropa_1_budget,830
jeremy56101,jeremy56101,Ropa_2_Mrs,323
crystaltorres102,crystaltorres102,Ropa_1_group,143
crystaltorres102,crystaltorres102,Ropa_2_sure,797
cduarte103,cduarte103,Ropa_0_seem,701
cduarte103,cduarte103,Ropa_2_paper,598
esosa104,esosa104,Ropa_0_still,811
esosa104,esosa104,Ropa_2_apply,189
kristin10105,kristin10105,Ropa_1_fire,423
kristin10105,kristin10105,Ropa_2_nice,608
paigele106,paigele106,Ropa_0_no,19
paigele106,paigele106,Ropa_2_whether,201
harriserin107,harriserin107,Ropa_1_maybe,562
harriserin107,harriserin107,Ropa_2_him,215
becky96108,becky96108,Ropa_0_sure,859
becky96108,becky96108,Ropa_1_happen,101
becky96108,becky96108,Ropa_2_art,813
steven41109,steven41109,Ropa_0_information,703
lisamckenzie110,lisamckenzie110,Ropa_0_successful,518
lisamckenzie110,lisamckenzie110,Ropa_1_far,371
lisamckenzie110,lisamckenzie110,Ropa_2_both,253
wreynolds111,wreynolds111,Ropa_2_exist,51
stewartjose112,stewartjose112,Ropa_0_short,221
stewartjose112,stewartjose112,Ropa_1_understand,157
stewartjose112,stewartjose112,Ropa_2_ok,613
bwhite113,bwhite113,Ropa_0_let,20
bwhite113,bwhite113,Ropa_1_feel,20
hvalencia114,hvalencia114,Ropa_2_understand,878
ywright115,ywright115,Ropa_0_table,794
ywright115,ywright115,Ropa_1_budget,455
ywright115,ywright115,Ropa_2_return,868
browncorey116,browncorey116,Ropa_0_rather,463
browncorey116,browncorey116,Ropa_2_lawyer,714
posborne117,posborne117,Ropa_0_though,589
carlsonchristopher118,carlsonchristopher118,Ropa_0_subject,610
carlsonchristopher118,carlsonchristopher118,Ropa_2_forget,677
wendyochoa119,wendyochoa119,Ropa_0_recognize,172
brian13120,brian13120,Ropa_0_ball,110
brian13120,brian13120,Ropa_2_form,393
jacobpeterson121,jacobpeterson121,Ropa_0_rise,650
jacobpeterson121,jacobpeterson121,Ropa_1_thus,347
jacobpeterson121,jacobpeterson121,Ropa_2_anything,433
vasquezantonio122,vasquezantonio122,Ropa_0_high,385
vasquezantonio122,vasquezantonio122,Ropa_1_attack,220
vasquezantonio122,vasquezantonio122,Ropa_2_everyone,70
terribarnes123,terribarnes123,Ropa_0_leader,470
terribarnes123,terribarnes123,Ropa_1_fund,607
terribarnes123,terribarnes123,Ropa_2_yard,900
tuckerjudith124,tuckerjudith124,Ropa_1_loss,810
tuckerjudith124,tuckerjudith124,Ropa_2_position,481
pamcoleman125,pamcoleman125,Ropa_0_matter,882
pamcoleman125,pamcoleman125,Ropa_1_media,457
pamcoleman125,pamcoleman125,Ropa_2_reduce,54
natalie90126,natalie90126,Ropa_0_stuff,132
natalie90126,natalie90126,Ropa_1_move,765
natalie90126,natalie90126,Ropa_2_TV,186
mmiller127,mmiller127,Ropa_0_less,329
laurastevenson128,laurastevenson128,Ropa_0_cost,52
laurastevenson128,laurastevenson128,Ropa_2_claim,369
ryanhartman129,ryanhartman129,Ropa_0_although,546
ryanhartman129,ryanhartman129,Ropa_2_degree,37
marisarobinson130,marisarobinson130,Ropa_1_air,722
marisarobinson130,marisarobinson130,Ropa_2_she,499
lauren91131,lauren91131,Ropa_0_technology,410
lauren91131,lauren91131,Ropa_1_send,96
lauren91131,lauren91131,Ropa_2_tough,31
rgarcia132,rgarcia132,Ropa_0_wide,986
dnicholson133,dnicholson133,Ropa_1_exist,248
weberethan134,weberethan134,Ropa_0_site,272
jonesbrandy135,jonesbrandy135,Ropa_0_surface,165
jonesbrandy135,jonesbrandy135,Ropa_1_plant,215
jonesbrandy135,jonesbrandy135,Ropa_2_modern,477
mgonzalez136,mgonzalez136,Ropa_0_check,444
mgonzalez136,mgonzalez136,Ropa_2_order,72
stephen17137,stephen17137,Ropa_1_market,672
stephen17137,stephen17137,Ropa_2_product,76
michaelhouston138,michaelhouston138,Ropa_0_phone,473
michaelhouston138,michaelhouston138,Ropa_1_book,843
michaelhouston138,michaelhouston138,Ropa_2_section,183
george40139,george40139,Ropa_0_yourself,804
george40139,george40139,Ropa_1_book,589
george40139,george40139,Ropa_2_focus,799
derek61140,derek61140,Ropa_0_see,137
derek61140,derek61140,Ropa_1_sell,295
derek61140,derek61140,Ropa_2_think,989
xflores141,xflores141,Ropa_0_stuff,856
dtran142,dtran142,Ropa_2_official,115
henrymelissa143,henrymelissa143,Ropa_0_go,530
henrymelissa143,henrymelissa143,Ropa_1_where,423
tonya49144,tonya49144,Ropa_0_also,245
tonya49144,tonya49144,Ropa_1_travel,638
jessicaellis145,jessicaellis145,Ropa_0_radio,506
jessicaellis145,jessicaellis145,Ropa_1_week,363
stuartjacob146,stuartjacob146,Ropa_1_between,558
lisa26147,lisa26147,Ropa_2_world,797
aliciahernandez148,aliciahernandez148,Ropa_0_yet,55
coleandrea149,coleandrea149,Ropa_2_operation,660
whitecarlos150,whitecarlos150,Ropa_0_human,296
whitecarlos150,whitecarlos150,Ropa_1_nice,986
whitecarlos150,whitecarlos150,Ropa_2_option,678
rorozco151,rorozco151,Ropa_0_stock,375
rorozco151,rorozco151,Ropa_1_yard,737
rorozco151,rorozco151,Ropa_2_its,436
james64152,james64152,Ropa_0_still,169
james64152,james64152,Ropa_1_single,742
umolina153,umolina153,Ropa_1_cut,418
umolina153,umolina153,Ropa_2_race,837
allisonmartinez154,allisonmartinez154,Ropa_2_expect,143
lgutierrez155,lgutierrez155,Ropa_0_admit,983
lgutierrez155,lgutierrez155,Ropa_2_commercial,603
felicia90156,felicia90156,Ropa_0_wall,31
felicia90156,felicia90156,Ropa_2_protect,982
greensamantha157,greensamantha157,Ropa_1_ago,635
etorres158,etorres158,Ropa_1_travel,871
etorres158,etorres158,Ropa_2_budget,21
tadams159,tadams159,Ropa_1_draw,656
katherine88160,katherine88160,Ropa_0_dog,473
katherine88160,katherine88160,Ropa_1_good,322
katherine88160,katherine88160,Ropa_2_trade,524
brenda39162,brenda39162,Ropa_1_part,135
brenda39162,brenda39162,Ropa_2_full,790
brooke62163,brooke62163,Ropa_1_nice,87
sherry81164,sherry81164,Ropa_2_often,84
sotojorge165,sotojorge165,Ropa_0_nothing,380
sotojorge165,sotojorge165,Ropa_2_Democrat,547
thomaswhite166,thomaswhite166,Ropa_0_effect,760
thomaswhite166,thomaswhite166,Ropa_1_stand,904
xwallace167,xwallace167,Ropa_1_agent,824
xwallace167,xwallace167,Ropa_2_score,631
sherryrose168,sherryrose168,Ropa_1_knowledge,14
ujohnson169,ujohnson169,Ropa_0_data,34
ujohnson169,ujohnson169,Ropa_1_baby,244
ujohnson169,ujohnson169,Ropa_2_head,364
hunter30171,hunter30171,Ropa_0_support,615
hunter30171,hunter30171,Ropa_1_style,531
hunter30171,hunter30171,Ropa_2_take,456
garciacraig172,garciacraig172,Ropa_1_yourself,310
stephen96173,stephen96173,Ropa_0_officer,21
stephen96173,stephen96173,Ropa_1_human,572
stephen96173,stephen96173,Ropa_2_garden,542
jessicaterry174,jessicaterry174,Ropa_0_simply,178
jessicaterry174,jessicaterry174,Ropa_1_us,665
jessicaterry174,jessicaterry174,Ropa_2_our,191
sanchezpatricia175,sanchezpatricia175,Ropa_0_result,929
sanchezpatricia175,sanchezpatricia175,Ropa_1_try,92
sanchezpatricia175,sanchezpatricia175,Ropa_2_yourself,836
emily19176,emily19176,Ropa_0_treat,928
emily19176,emily19176,Ropa_2_seem,70
carolinecalderon177,carolinecalderon177,Ropa_0_suddenly,717
carolinecalderon177,carolinecalderon177,Ropa_2_notice,693
zferrell178,zferrell178,Ropa_1_identify,219
zferrell178,zferrell178,Ropa_2_stay,656
vincentward179,vincentward179,Ropa_1_structure,214
fyang180,fyang180,Ropa_0_hour,230
fyang180,fyang180,Ropa_1_candidate,73
fyang180,fyang180,Ropa_2_realize,619
tyler10181,tyler10181,Ropa_0_wide,462
tyler10181,tyler10181,Ropa_2_real,616
daryl39182,daryl39182,Ropa_0_form,507
daryl39182,daryl39182,Ropa_2_above,902
meagan43183,meagan43183,Ropa_0_democratic,47
meagan43183,meagan43183,Ropa_1_here,399
meagan43183,meagan43183,Ropa_2_magazine,855
porterrichard184,porterrichard184,Ropa_1_during,802
porterrichard184,porterrichard184,Ropa_2_amount,371
mariah73185,mariah73185,Ropa_0_cell,843
mariah73185,mariah73185,Ropa_1_head,780
hpatel186,hpatel186,Ropa_0_everybody,741
natalie20187,natalie20187,Ropa_2_crime,902
smontgomery188,smontgomery188,Ropa_0_agree,944
smontgomery188,smontgomery188,Ropa_1_common,316
smontgomery188,smontgomery188,Ropa_2_military,480
dunnmatthew189,dunnmatthew189,Ropa_0_clearly,523
dunnmatthew189,dunnmatthew189,Ropa_1_section,344
dunnmatthew189,dunnmatthew189,Ropa_2_different,479
bartonjustin190,bartonjustin190,Ropa_0_bit,95
brownsabrina191,brownsabrina191,Ropa_0_claim,78
brownsabrina191,brownsabrina191,Ropa_2_country,503
dananelson192,dananelson192,Ropa_2_material,295
daniel99193,daniel99193,Ropa_1_different,416
daniel99193,daniel99193,Ropa_2_nice,370
ryanrodriguez194,ryanrodriguez194,Ropa_1_reason,424
ryanrodriguez194,ryanrodriguez194,Ropa_2_seek,821
jjohnson195,jjohnson195,Ropa_0_pattern,47
jjohnson195,jjohnson195,Ropa_2_three,18
susan90196,susan90196,Ropa_0_form,770
susan90196,susan90196,Ropa_2_hour,335
palmerfrank197,palmerfrank197,Ropa_1_dinner,674
thompsondeanna198,thompsondeanna198,Ropa_0_alone,351
thompsondeanna198,thompsondeanna198,Ropa_1_discover,207
thompsondeanna198,thompsondeanna198,Ropa_2_live,872
silvahannah199,silvahannah199,Ropa_0_player,413
silvahannah199,silvahannah199,Ropa_2_evidence,723
shieldstimothy200,shieldstimothy200,Ropa_0_dream,522
shieldstimothy200,shieldstimothy200,Ropa_1_determine,588
shieldstimothy200,shieldstimothy200,Ropa_2_enter,793
odomrachel201,odomrachel201,Ropa_0_manage,24
odomrachel201,odomrachel201,Ropa_1_amount,984
odomrachel201,odomrachel201,Ropa_2_know,938
nicolegreen202,nicolegreen202,Ropa_0_rule,253
nicolegreen202,nicolegreen202,Ropa_1_issue,52
johnholt203,johnholt203,Ropa_0_arm,796
johnholt203,johnholt203,Ropa_2_war,938
mvasquez204,mvasquez204,Ropa_0_maintain,186
mvasquez204,mvasquez204,Ropa_1_across,196
mvasquez204,mvasquez204,Ropa_2_take,279
ryancameron205,ryancameron205,Ropa_0_order,830
ryancameron205,ryancameron205,Ropa_1_may,938
ryancameron205,ryancameron205,Ropa_2_former,707
nguyenanthony206,nguyenanthony206,Ropa_0_physical,498
nguyenanthony206,nguyenanthony206,Ropa_2_response,715
cristina55207,cristina55207,Ropa_0_hospital,967
cristina55207,cristina55207,Ropa_1_believe,556
markphelps208,markphelps208,Ropa_0_mother,137
markphelps208,markphelps208,Ropa_1_money,543
wwilliams209,wwilliams209,Ropa_0_want,693
wwilliams209,wwilliams209,Ropa_1_tax,154
wwilliams209,wwilliams209,Ropa_2_yeah,896
fernandezlaura211,fernandezlaura211,Ropa_1_hour,907
fernandezlaura211,fernandezlaura211,Ropa_2_just,103
hughesjustin212,hughesjustin212,Ropa_0_concern,507
hughesjustin212,hughesjustin212,Ropa_2_member,673
sevans213,sevans213,Ropa_1_next,390
sevans213,sevans213,Ropa_2_paper,831
kellydonald214,kellydonald214,Ropa_0_condition,199
kellydonald214,kellydonald214,Ropa_1_purpose,821
kellydonald214,kellydonald214,Ropa_2_couple,435
smithrichard215,smithrichard215,Ropa_0_through,445
smithrichard215,smithrichard215,Ropa_1_yet,981
smithrichard215,smithrichard215,Ropa_2_guy,309
gambleadam216,gambleadam216,Ropa_0_push,559
gambleadam216,gambleadam216,Ropa_1_condition,540
gambleadam216,gambleadam216,Ropa_2_same,978
kevinrodgers217,kevinrodgers217,Ropa_0_baby,906
kevinrodgers217,kevinrodgers217,Ropa_1_argue,919
kevinrodgers217,kevinrodgers217,Ropa_2_list,524
andrew02218,andrew02218,Ropa_0_great,871
david10219,david10219,Ropa_1_foreign,798
david10219,david10219,Ropa_2_out,247
stewartrichard220,stewartrichard220,Ropa_0_strategy,234
stewartrichard220,stewartrichard220,Ropa_1_student,278
laura81221,laura81221,Ropa_0_senior,804
carolyn96222,carolyn96222,Ropa_0_alone,358
carolyn96222,carolyn96222,Ropa_1_control,537
carolyn96222,carolyn96222,Ropa_2_foreign,996
morgan99223,morgan99223,Ropa_1_animal,198
morgan99223,morgan99223,Ropa_2_guy,178
pettychristopher224,pettychristopher224,Ropa_0_opportunity,969
pettychristopher224,pettychristopher224,Ropa_1_television,773
pettychristopher224,pettychristopher224,Ropa_2_discover,551
amber46225,amber46225,Ropa_0_perhaps,599
amber46225,amber46225,Ropa_1_series,764
amber46225,amber46225,Ropa_2_foot,711
geraldwells226,geraldwells226,Ropa_1_policy,565
parkeradam227,parkeradam227,Ropa_1_force,189
parkeradam227,parkeradam227,Ropa_2_data,76
connie73228,connie73228,Ropa_0_and,993
connie73228,connie73228,Ropa_2_month,562
ashleyclayton229,ashleyclayton229,Ropa_0_put,852
ashleyclayton229,ashleyclayton229,Ropa_2_season,8
richardpatterson230,richardpatterson230,Ropa_0_series,728
richardpatterson230,richardpatterson230,Ropa_1_affect,287
richardpatterson230,richardpatterson230,Ropa_2_number,183
anita41231,anita41231,Ropa_0_involve,552
anita41231,anita41231,Ropa_1_service,392
anita41231,anita41231,Ropa_2_pick,291
christina57232,christina57232,Ropa_0_should,667
christina57232,christina57232,Ropa_1_away,681
kellifrederick233,kellifrederick233,Ropa_1_until,721
kellifrederick233,kellifrederick233,Ropa_2_million,730
xbaker234,xbaker234,Ropa_0_go,318
xbaker234,xbaker234,Ropa_1_not,992
xbaker234,xbaker234,Ropa_2_citizen,298
sarabrown235,sarabrown235,Ropa_0_his,223
sarabrown235,sarabrown235,Ropa_1_church,225
sarabrown235,sarabrown235,Ropa_2_set,736
igilbert236,igilbert236,Ropa_2_TV,218
wanda34237,wanda34237,Ropa_0_society,640
wanda34237,wanda34237,Ropa_2_nothing,305
shannonarmstrong238,shannonarmstrong238,Ropa_1_season,453
mistycarter239,mistycarter239,Ropa_0_television,497
mistycarter239,mistycarter239,Ropa_1_level,202
mistycarter239,mistycarter239,Ropa_2_pay,699
bestkimberly240,bestkimberly240,Ropa_2_rise,22
phillipsbenjamin241,phillipsbenjamin241,Ropa_0_else,914
phillipsbenjamin241,phillipsbenjamin241,Ropa_2_entire,267
buckjoseph242,buckjoseph242,Ropa_0_across,217
buckjoseph242,buckjoseph242,Ropa_1_side,999
sean89243,sean89243,Ropa_1_process,500
sean89243,sean89243,Ropa_2_development,694
campbellkathleen244,campbellkathleen244,Ropa_0_structure,723
campbellkathleen244,campbellkathleen244,Ropa_1_audience,578
michael03245,michael03245,Ropa_0_prepare,124
michael03245,michael03245,Ropa_1_bad,423
michael03245,michael03245,Ropa_2_conference,804
tommykelly246,tommykelly246,Ropa_0_matter,202
tommykelly246,tommykelly246,Ropa_1_ability,870
tommykelly246,tommykelly246,Ropa_2_purpose,840
jacquelinerichards247,jacquelinerichards247,Ropa_0_black,746
jacquelinerichards247,jacquelinerichards247,Ropa_1_official,1000
schultzjennifer248,schultzjennifer248,Ropa_0_foot,772
schultzjennifer248,schultzjennifer248,Ropa_2_lead,927
xpeterson249,xpeterson249,Ropa_0_know,853
xpeterson249,xpeterson249,Ropa_1_daughter,43
xpeterson249,xpeterson249,Ropa_2_music,632
lmartin250,lmartin250,Ropa_0_speech,225
lmartin250,lmartin250,Ropa_1_forget,30
lmartin250,lmartin250,Ropa_2_seat,686
msmith251,msmith251,Ropa_0_security,741
msmith251,msmith251,Ropa_1_media,248
msmith251,msmith251,Ropa_2_mind,784
danielstevens252,danielstevens252,Ropa_0_determine,438
danielstevens252,danielstevens252,Ropa_1_Democrat,790
danielstevens252,danielstevens252,Ropa_2_better,918
fitzgeraldjacqueline253,fitzgeraldjacqueline253,Ropa_0_investment,528
fitzgeraldjacqueline253,fitzgeraldjacqueline253,Ropa_1_pass,317
fitzgeraldjacqueline253,fitzgeraldjacqueline253,Ropa_2_class,889
vbentley254,vbentley254,Ropa_0_early,911
vbentley254,vbentley254,Ropa_1_process,254
vbentley254,vbentley254,Ropa_2_box,22
wileykimberly255,wileykimberly255,Ropa_0_matter,236
wileykimberly255,wileykimberly255,Ropa_1_gun,259
wileykimberly255,wileykimberly255,Ropa_2_hit,669
npollard256,npollard256,Ropa_1_notice,501
npollard256,npollard256,Ropa_2_what,660
dorseyrussell257,dorseyrussell257,Ropa_0_maintain,949
dorseyrussell257,dorseyrussell257,Ropa_1_follow,163
dorseyrussell257,dorseyrussell257,Ropa_2_hotel,819
ngilmore258,ngilmore258,Ropa_1_away,331
ngilmore258,ngilmore258,Ropa_2_the,525
mortontimothy259,mortontimothy259,Ropa_0_new,560
mortontimothy259,mortontimothy259,Ropa_1_watch,85
mortontimothy259,mortontimothy259,Ropa_2_concern,425
wharvey260,wharvey260,Ropa_0_right,995
wharvey260,wharvey260,Ropa_1_mouth,914
wharvey260,wharvey260,Ropa_2_agreement,888
sheila17261,sheila17261,Ropa_0_once,295
sheila17261,sheila17261,Ropa_1_play,88
sheila17261,sheila17261,Ropa_2_short,621
kristymcdaniel262,kristymcdaniel262,Ropa_2_social,206
shannonnavarro263,shannonnavarro263,Ropa_0_realize,712
shannonnavarro263,shannonnavarro263,Ropa_1_bank,267
shannonnavarro263,shannonnavarro263,Ropa_2_outside,593
john80264,john80264,Ropa_2_security,558
joseph51265,joseph51265,Ropa_0_left,272
joseph51265,joseph51265,Ropa_1_total,110
joseph51265,joseph51265,Ropa_2_enough,259
michelle39267,michelle39267,Ropa_0_authority,442
michelle39267,michelle39267,Ropa_2_hotel,771
rklein268,rklein268,Ropa_0_throw,552
rklein268,rklein268,Ropa_2_next,428
cathyrichmond269,cathyrichmond269,Ropa_0_type,792
cathyrichmond269,cathyrichmond269,Ropa_2_keep,392
sarah75270,sarah75270,Ropa_1_their,553
sarah75270,sarah75270,Ropa_2_door,121
garrettdeborah271,garrettdeborah271,Ropa_0_simple,998
garrettdeborah271,garrettdeborah271,Ropa_1_kitchen,631
garrettdeborah271,garrettdeborah271,Ropa_2_physical,886
jason26272,jason26272,Ropa_0_area,351
jason26272,jason26272,Ropa_2_economy,721
nathan04273,nathan04273,Ropa_1_dream,309
nathan04273,nathan04273,Ropa_2_fire,462
hannahharris274,hannahharris274,Ropa_1_past,163
hannahharris274,hannahharris274,Ropa_2_quality,983
martinkristy275,martinkristy275,Ropa_0_father,61
martinkristy275,martinkristy275,Ropa_1_avoid,878
tgonzales276,tgonzales276,Ropa_1_usually,877
tgonzales276,tgonzales276,Ropa_2_article,371
ypeterson277,ypeterson277,Ropa_1_statement,434
ypeterson277,ypeterson277,Ropa_2_reflect,677
elizabeth36278,elizabeth36278,Ropa_1_soldier,939
elizabeth36278,elizabeth36278,Ropa_2_popular,545
robertdavis279,robertdavis279,Ropa_2_key,448
henrykenneth280,henrykenneth280,Ropa_2_set,398
fharmon281,fharmon281,Ropa_1_space,400
fharmon281,fharmon281,Ropa_2_discussion,235
fgalvan282,fgalvan282,Ropa_0_history,255
fgalvan282,fgalvan282,Ropa_1_occur,781
jim26283,jim26283,Ropa_0_policy,601
goulderic284,goulderic284,Ropa_0_cup,711
sydney74285,sydney74285,Ropa_0_take,601
sydney74285,sydney74285,Ropa_2_somebody,118
burnsjessica287,burnsjessica287,Ropa_0_pick,318
burnsjessica287,burnsjessica287,Ropa_2_seven,286
coryhaynes288,coryhaynes288,Ropa_0_know,480
coryhaynes288,coryhaynes288,Ropa_2_east,873
johnsonchristopher289,johnsonchristopher289,Ropa_2_summer,32
kpacheco290,kpacheco290,Ropa_0_interesting,27
kpacheco290,kpacheco290,Ropa_2_know,398
emily67291,emily67291,Ropa_0_guy,493
emily67291,emily67291,Ropa_2_send,33
jacobtaylor292,jacobtaylor292,Ropa_0_well,730
jacobtaylor292,jacobtaylor292,Ropa_1_road,864
jacobtaylor292,jacobtaylor292,Ropa_2_especially,34
maryjones293,maryjones293,Ropa_0_off,192
maryjones293,maryjones293,Ropa_2_represent,307
taylorjustin294,taylorjustin294,Ropa_1_sense,875
taylorjustin294,taylorjustin294,Ropa_2_raise,772
kennedymary295,kennedymary295,Ropa_0_player,149
kennedymary295,kennedymary295,Ropa_1_approach,227
kennedymary295,kennedymary295,Ropa_2_be,286
ineal296,ineal296,Ropa_0_away,464
ineal296,ineal296,Ropa_2_other,326
ymurray297,ymurray297,Ropa_1_guess,585
hernandezsheila298,hernandezsheila298,Ropa_2_civil,236
holmestracy299,holmestracy299,Ropa_0_put,632
holmestracy299,holmestracy299,Ropa_1_force,563
holmestracy299,holmestracy299,Ropa_2_increase,578
danieljacobson300,danieljacobson300,Ropa_0_between,905
danieljacobson300,danieljacobson300,Ropa_1_whom,877
danieljacobson300,danieljacobson300,Ropa_2_song,343
lmartinez301,lmartinez301,Ropa_2_former,267
karina04302,karina04302,Ropa_1_participant,301
karina04302,karina04302,Ropa_2_machine,172
poncebradley303,poncebradley303,Ropa_1_third,768
timothyjones304,timothyjones304,Ropa_0_none,856
randywest305,randywest305,Ropa_0_himself,654
randywest305,randywest305,Ropa_1_card,254
randywest305,randywest305,Ropa_2_two,433
edwardsthomas306,edwardsthomas306,Ropa_0_far,730
mallorythompson307,mallorythompson307,Ropa_0_Mrs,311
mallorythompson307,mallorythompson307,Ropa_1_popular,980
mallorythompson307,mallorythompson307,Ropa_2_miss,568
aliciahines308,aliciahines308,Ropa_0_maybe,979
aliciahines308,aliciahines308,Ropa_2_degree,154
sayala309,sayala309,Ropa_1_from,417
sayala309,sayala309,Ropa_2_room,48
andersonbrittany310,andersonbrittany310,Ropa_0_fund,39
andersonbrittany310,andersonbrittany310,Ropa_2_many,665
kristenriley311,kristenriley311,Ropa_1_crime,168
kristenriley311,kristenriley311,Ropa_2_anything,423
bowen312,bowen312,Ropa_0_by,134
bowen312,bowen312,Ropa_1_score,52
bowen312,bowen312,Ropa_2_thousand,862
marshallricky313,marshallricky313,Ropa_0_career,561
marshallricky313,marshallricky313,Ropa_1_many,9
marshallricky313,marshallricky313,Ropa_2_make,507
sally44314,sally44314,Ropa_0_in,157
arnoldmarcus315,arnoldmarcus315,Ropa_0_last,987
arnoldmarcus315,arnoldmarcus315,Ropa_1_natural,48
arnoldmarcus315,arnoldmarcus315,Ropa_2_west,858
kiara11316,kiara11316,Ropa_0_improve,407
kiara11316,kiara11316,Ropa_1_as,99
kiara11316,kiara11316,Ropa_2_employee,563
zachary93317,zachary93317,Ropa_0_north,380
zachary93317,zachary93317,Ropa_1_pass,490
matthew46318,matthew46318,Ropa_0_new,798
matthew46318,matthew46318,Ropa_1_process,983
knoxantonio319,knoxantonio319,Ropa_0_participant,126
knoxantonio319,knoxantonio319,Ropa_1_human,353
knoxantonio319,knoxantonio319,Ropa_2_time,282
uvincent320,uvincent320,Ropa_0_sound,366
uvincent320,uvincent320,Ropa_1_how,554
uvincent320,uvincent320,Ropa_2_beautiful,896
jeffrey34322,jeffrey34322,Ropa_0_window,724
jeffrey34322,jeffrey34322,Ropa_1_course,731
jeffrey34322,jeffrey34322,Ropa_2_kitchen,449
fmiranda323,fmiranda323,Ropa_0_strategy,495
fmiranda323,fmiranda323,Ropa_1_like,870
tony91324,tony91324,Ropa_0_visit,712
tony91324,tony91324,Ropa_2_strategy,384
brentobrien325,brentobrien325,Ropa_1_around,760
qscott326,qscott326,Ropa_1_appear,289
qscott326,qscott326,Ropa_2_begin,88
amy85327,amy85327,Ropa_0_something,946
amy85327,amy85327,Ropa_2_until,945
pwalker328,pwalker328,Ropa_1_whether,920
pwalker328,pwalker328,Ropa_2_develop,911
toni95329,toni95329,Ropa_0_practice,344
richardsonkenneth330,richardsonkenneth330,Ropa_0_catch,32
richardsonkenneth330,richardsonkenneth330,Ropa_1_gun,450
richardsonkenneth330,richardsonkenneth330,Ropa_2_officer,201
jessica99331,jessica99331,Ropa_0_million,179
jessica99331,jessica99331,Ropa_1_surface,299
jessica99331,jessica99331,Ropa_2_may,507
rebekah04332,rebekah04332,Ropa_0_push,130
rebekah04332,rebekah04332,Ropa_1_set,258
rebekah04332,rebekah04332,Ropa_2_collection,994
jennifer45333,jennifer45333,Ropa_1_center,334
jennifer45333,jennifer45333,Ropa_2_firm,426
janethansen334,janethansen334,Ropa_0_that,728
janethansen334,janethansen334,Ropa_1_catch,996
amandaadams335,amandaadams335,Ropa_0_fight,64
amandaadams335,amandaadams335,Ropa_1_without,883
leemichael336,leemichael336,Ropa_0_cold,226
victoriaward337,victoriaward337,Ropa_0_difference,116
victoriaward337,victoriaward337,Ropa_1_fish,302
raymond97338,raymond97338,Ropa_1_discover,291
nrodriguez339,nrodriguez339,Ropa_1_several,931
nrodriguez339,nrodriguez339,Ropa_2_rule,150
fgordon340,fgordon340,Ropa_0_score,109
fgordon340,fgordon340,Ropa_2_themselves,104
timothytaylor341,timothytaylor341,Ropa_0_third,956
timothytaylor341,timothytaylor341,Ropa_2_live,667
wjohnson342,wjohnson342,Ropa_0_front,377
wjohnson342,wjohnson342,Ropa_1_movie,925
wjohnson342,wjohnson342,Ropa_2_card,658
taramorrison343,taramorrison343,Ropa_0_sometimes,732
taramorrison343,taramorrison343,Ropa_2_per,90
jillbishop344,jillbishop344,Ropa_0_throughout,909
jillbishop344,jillbishop344,Ropa_1_trip,362
jillbishop344,jillbishop344,Ropa_2_feel,3
crystal32345,crystal32345,Ropa_0_choose,646
crystal32345,crystal32345,Ropa_2_work,982
bradleypeters346,bradleypeters346,Ropa_1_expect,716
gschmidt347,gschmidt347,Ropa_1_technology,883
jacob52348,jacob52348,Ropa_0_can,123
jacob52348,jacob52348,Ropa_2_dinner,96
plewis349,plewis349,Ropa_1_land,188
plewis349,plewis349,Ropa_2_its,770
joycewillis350,joycewillis350,Ropa_0_rest,554
joycewillis350,joycewillis350,Ropa_1_poor,139
joycewillis350,joycewillis350,Ropa_2_memory,850
meganacosta351,meganacosta351,Ropa_0_second,923
meganacosta351,meganacosta351,Ropa_1_that,252
meganacosta351,meganacosta351,Ropa_2_garden,472
mario53352,mario53352,Ropa_0_night,571
mario53352,mario53352,Ropa_2_director,899
larsentravis353,larsentravis353,Ropa_1_anything,263
xrich354,xrich354,Ropa_0_into,224
xrich354,xrich354,Ropa_2_forward,106
anna64355,anna64355,Ropa_1_activity,897
anna64355,anna64355,Ropa_2_strong,254
phayes356,phayes356,Ropa_0_personal,760
phayes356,phayes356,Ropa_2_draw,178
alicia36357,alicia36357,Ropa_0_beautiful,616
alicia36357,alicia36357,Ropa_1_give,868
andre80358,andre80358,Ropa_0_onto,518
andre80358,andre80358,Ropa_1_process,904
andre80358,andre80358,Ropa_2_free,518
xdean359,xdean359,Ropa_0_run,112
xdean359,xdean359,Ropa_1_remain,218
fmiller360,fmiller360,Ropa_1_oil,671
fmiller360,fmiller360,Ropa_2_city,56
carrwilliam361,carrwilliam361,Ropa_0_behind,915
carrwilliam361,carrwilliam361,Ropa_1_really,536
carrwilliam361,carrwilliam361,Ropa_2_Congress,855
lambertkaren362,lambertkaren362,Ropa_0_minute,676
lambertkaren362,lambertkaren362,Ropa_1_into,437
linda57363,linda57363,Ropa_1_follow,248
zbonilla364,zbonilla364,Ropa_2_man,31
tracy15365,tracy15365,Ropa_1_discuss,427
mstone366,mstone366,Ropa_0_doctor,216
mstone366,mstone366,Ropa_1_mission,752
mstone366,mstone366,Ropa_2_effort,325
audrey35367,audrey35367,Ropa_0_share,974
keith15368,keith15368,Ropa_1_task,372
qcalderon369,qcalderon369,Ropa_0_talk,108
qcalderon369,qcalderon369,Ropa_1_right,111
erikamooney370,erikamooney370,Ropa_0_structure,682
erikamooney370,erikamooney370,Ropa_1_relate,706
erikamooney370,erikamooney370,Ropa_2_difference,925
maxwellrandy371,maxwellrandy371,Ropa_0_cup,280
james78372,james78372,Ropa_1_floor,29
sowens373,sowens373,Ropa_0_laugh,376
sowens373,sowens373,Ropa_2_change,8
ncastillo375,ncastillo375,Ropa_0_figure,629
rbuchanan376,rbuchanan376,Ropa_0_many,952
rbuchanan376,rbuchanan376,Ropa_1_side,685
rbuchanan376,rbuchanan376,Ropa_2_season,175
curtiskevin377,curtiskevin377,Ropa_1_bill,990
eford378,eford378,Ropa_1_data,428
eford378,eford378,Ropa_2_nature,426
angela82379,angela82379,Ropa_0_again,208
angela82379,angela82379,Ropa_1_network,950
angela82379,angela82379,Ropa_2_enjoy,975
thompsonrichard380,thompsonrichard380,Ropa_0_can,642
thompsonrichard380,thompsonrichard380,Ropa_1_crime,57
thompsonrichard380,thompsonrichard380,Ropa_2_very,759
hudsonaaron381,hudsonaaron381,Ropa_0_in,858
hudsonaaron381,hudsonaaron381,Ropa_1_recognize,315
hudsonaaron381,hudsonaaron381,Ropa_2_trip,57
shane26382,shane26382,Ropa_0_name,600
shane26382,shane26382,Ropa_1_church,145
shane26382,shane26382,Ropa_2_animal,839
elliottmichael383,elliottmichael383,Ropa_0_too,70
elliottmichael383,elliottmichael383,Ropa_1_crime,890
peter36384,peter36384,Ropa_0_scientist,154
peter36384,peter36384,Ropa_1_rate,901
peter36384,peter36384,Ropa_2_yes,371
tinasmith385,tinasmith385,Ropa_0_until,338
tinasmith385,tinasmith385,Ropa_2_at,266
cranebenjamin386,cranebenjamin386,Ropa_1_scene,697
cranebenjamin386,cranebenjamin386,Ropa_2_school,698
nmoyer387,nmoyer387,Ropa_0_season,782
nmoyer387,nmoyer387,Ropa_1_indicate,895
nmoyer387,nmoyer387,Ropa_2_beyond,13
vasquezjustin388,vasquezjustin388,Ropa_2_environment,904
elliottcarlos389,elliottcarlos389,Ropa_1_explain,667
elliottcarlos389,elliottcarlos389,Ropa_2_likely,112
sherryhancock390,sherryhancock390,Ropa_1_professor,730
nwalker391,nwalker391,Ropa_0_environmental,596
nwalker391,nwalker391,Ropa_1_represent,591
nwalker391,nwalker391,Ropa_2_national,264
pollardkelly392,pollardkelly392,Ropa_0_try,97
pollardkelly392,pollardkelly392,Ropa_2_listen,268
brewerdenise393,brewerdenise393,Ropa_0_arm,904
brewerdenise393,brewerdenise393,Ropa_1_goal,578
brewerdenise393,brewerdenise393,Ropa_2_role,618
bradleypatel394,bradleypatel394,Ropa_1_at,7
bradleypatel394,bradleypatel394,Ropa_2_best,948
donna15395,donna15395,Ropa_1_trial,214
lmontes396,lmontes396,Ropa_0_adult,326
lmontes396,lmontes396,Ropa_2_sense,967
wdavis397,wdavis397,Ropa_1_meet,596
wdavis397,wdavis397,Ropa_2_whole,183
rodriguezmichael398,rodriguezmichael398,Ropa_0_against,342
jacob32399,jacob32399,Ropa_0_cell,772
jacob32399,jacob32399,Ropa_1_large,388
jacob32399,jacob32399,Ropa_2_interview,683
zeaton400,zeaton400,Ropa_0_should,820
zeaton400,zeaton400,Ropa_2_lot,316
uyoung401,uyoung401,Ropa_0_particularly,57
uyoung401,uyoung401,Ropa_1_challenge,156
uyoung401,uyoung401,Ropa_2_success,759
gregorychase402,gregorychase402,Ropa_0_mother,219
gregorychase402,gregorychase402,Ropa_1_anything,517
sawyerronald403,sawyerronald403,Ropa_0_building,181
sawyerronald403,sawyerronald403,Ropa_2_out,731
harrisrebecca404,harrisrebecca404,Ropa_2_color,435
sanchezsean405,sanchezsean405,Ropa_0_machine,310
sanchezsean405,sanchezsean405,Ropa_1_popular,115
sanchezsean405,sanchezsean405,Ropa_2_none,917
kim54406,kim54406,Ropa_1_change,243
kim54406,kim54406,Ropa_2_up,151
eguzman407,eguzman407,Ropa_0_try,705
eguzman407,eguzman407,Ropa_1_treat,906
eguzman407,eguzman407,Ropa_2_job,885
kellyscott408,kellyscott408,Ropa_0_let,556
kellyscott408,kellyscott408,Ropa_1_parent,54
kellyscott408,kellyscott408,Ropa_2_quickly,335
ohoward409,ohoward409,Ropa_0_newspaper,987
ohoward409,ohoward409,Ropa_1_conference,924
ohoward409,ohoward409,Ropa_2_particularly,358
laurie88410,laurie88410,Ropa_0_certainly,676
laurie88410,laurie88410,Ropa_1_firm,465
laurie88410,laurie88410,Ropa_2_green,951
fboyer411,fboyer411,Ropa_0_mission,699
fboyer411,fboyer411,Ropa_1_hot,984
fboyer411,fboyer411,Ropa_2_coach,412
sandersjason412,sandersjason412,Ropa_1_among,850
prodriguez413,prodriguez413,Ropa_0_behind,570
prodriguez413,prodriguez413,Ropa_1_because,152
prodriguez413,prodriguez413,Ropa_2_write,194
jason63414,jason63414,Ropa_1_scene,357
jason63414,jason63414,Ropa_2_wrong,290
jeremy12415,jeremy12415,Ropa_1_consider,258
jeremy12415,jeremy12415,Ropa_2_different,158
warnerjames417,warnerjames417,Ropa_1_military,103
warnerjames417,warnerjames417,Ropa_2_quite,897
amy98418,amy98418,Ropa_0_how,179
amy98418,amy98418,Ropa_1_teacher,162
amy98418,amy98418,Ropa_2_may,348
knightveronica419,knightveronica419,Ropa_0_American,960
knightveronica419,knightveronica419,Ropa_1_daughter,503
buchananjoseph420,buchananjoseph420,Ropa_2_religious,923
ogonzalez421,ogonzalez421,Ropa_0_type,489
ogonzalez421,ogonzalez421,Ropa_1_add,167
tyoung422,tyoung422,Ropa_0_better,714
tyoung422,tyoung422,Ropa_2_peace,323
tnelson423,tnelson423,Ropa_0_drug,184
tnelson423,tnelson423,Ropa_1_common,150
tnelson423,tnelson423,Ropa_2_better,747
courtney12424,courtney12424,Ropa_0_from,181
courtney12424,courtney12424,Ropa_1_alone,657
courtney12424,courtney12424,Ropa_2_tend,298
mwest425,mwest425,Ropa_2_skin,298
martinezjoseph426,martinezjoseph426,Ropa_0_store,341
martinezjoseph426,martinezjoseph426,Ropa_1_from,184
washingtonalexis427,washingtonalexis427,Ropa_0_consider,314
washingtonalexis427,washingtonalexis427,Ropa_2_hot,641
sarawalters428,sarawalters428,Ropa_0_value,784
sarawalters428,sarawalters428,Ropa_2_avoid,910
leonmelanie429,leonmelanie429,Ropa_1_have,8
leonmelanie429,leonmelanie429,Ropa_2_water,210
imccall430,imccall430,Ropa_0_source,110
imccall430,imccall430,Ropa_1_avoid,464
imccall430,imccall430,Ropa_2_success,783
evansmichael431,evansmichael431,Ropa_0_show,666
evansmichael431,evansmichael431,Ropa_1_game,717
evansmichael431,evansmichael431,Ropa_2_everything,678
jennifer01432,jennifer01432,Ropa_0_one,758
jennifer01432,jennifer01432,Ropa_1_hour,395
jennifer01432,jennifer01432,Ropa_2_guess,504
bjimenez433,bjimenez433,Ropa_1_say,903
wellsrobert434,wellsrobert434,Ropa_0_international,335
wellsrobert434,wellsrobert434,Ropa_1_free,464
wellsrobert434,wellsrobert434,Ropa_2_decision,114
mreilly435,mreilly435,Ropa_1_maybe,182
mreilly435,mreilly435,Ropa_2_Mrs,428
thomasharris436,thomasharris436,Ropa_1_reality,304
thomasharris436,thomasharris436,Ropa_2_simple,540
higginseric437,higginseric437,Ropa_0_score,536
brownstephanie438,brownstephanie438,Ropa_0_possible,157
brownstephanie438,brownstephanie438,Ropa_1_voice,10
davisjeffery439,davisjeffery439,Ropa_0_station,453
davisjeffery439,davisjeffery439,Ropa_1_reflect,368
igray440,igray440,Ropa_0_bank,181
igray440,igray440,Ropa_2_brother,560
jeffreylong441,jeffreylong441,Ropa_1_someone,78
jeffreylong441,jeffreylong441,Ropa_2_above,53
jennifer75442,jennifer75442,Ropa_0_billion,924
jennifer75442,jennifer75442,Ropa_1_score,757
jennifer75442,jennifer75442,Ropa_2_reveal,698
ageorge443,ageorge443,Ropa_0_probably,24
ageorge443,ageorge443,Ropa_1_number,438
ageorge443,ageorge443,Ropa_2_much,67
mccoyvalerie444,mccoyvalerie444,Ropa_0_series,464
rachelbowen445,rachelbowen445,Ropa_0_idea,619
rachelbowen445,rachelbowen445,Ropa_2_trip,465
bonnielopez446,bonnielopez446,Ropa_1_tree,517
bonnielopez446,bonnielopez446,Ropa_2_turn,571
catherine88447,catherine88447,Ropa_1_out,90
catherine88447,catherine88447,Ropa_2_truth,469
jamesfarmer448,jamesfarmer448,Ropa_0_east,56
jamesfarmer448,jamesfarmer448,Ropa_1_remain,355
jamesfarmer448,jamesfarmer448,Ropa_2_when,906
melissa11449,melissa11449,Ropa_0_need,86
melissa11449,melissa11449,Ropa_1_car,399
melissa11449,melissa11449,Ropa_2_last,439
turnererica450,turnererica450,Ropa_0_follow,90
turnererica450,turnererica450,Ropa_2_interest,860
danielshaw451,danielshaw451,Ropa_0_painting,352
danielshaw451,danielshaw451,Ropa_1_role,774
rjohnson452,rjohnson452,Ropa_1_spring,444
fishertiffany453,fishertiffany453,Ropa_0_push,700
fishertiffany453,fishertiffany453,Ropa_1_natural,440
fishertiffany453,fishertiffany453,Ropa_2_technology,258
williamschristine454,williamschristine454,Ropa_0_money,936
williamschristine454,williamschristine454,Ropa_1_sense,842
alanschultz455,alanschultz455,Ropa_0_cold,600
alanschultz455,alanschultz455,Ropa_1_series,851
alanschultz455,alanschultz455,Ropa_2_foreign,425
hrobinson456,hrobinson456,Ropa_1_mission,233
hrobinson456,hrobinson456,Ropa_2_put,721
qmiller457,qmiller457,Ropa_0_most,701
qmiller457,qmiller457,Ropa_2_cold,495
gonzalestiffany458,gonzalestiffany458,Ropa_0_among,967
gonzalestiffany458,gonzalestiffany458,Ropa_1_real,175
leewilliam459,leewilliam459,Ropa_0_must,11
leewilliam459,leewilliam459,Ropa_2_order,899
ginaruiz460,ginaruiz460,Ropa_0_need,11
ginaruiz460,ginaruiz460,Ropa_1_will,70
ginaruiz460,ginaruiz460,Ropa_2_window,987
adam48461,adam48461,Ropa_0_serve,124
adam48461,adam48461,Ropa_1_agreement,444
adam48461,adam48461,Ropa_2_way,872
christinebrooks462,christinebrooks462,Ropa_0_much,35
christinebrooks462,christinebrooks462,Ropa_1_throw,383
christinebrooks462,christinebrooks462,Ropa_2_again,87
trevor02463,trevor02463,Ropa_1_military,952
trevor02463,trevor02463,Ropa_2_serious,892
alex86464,alex86464,Ropa_0_wife,396
alex86464,alex86464,Ropa_1_do,89
alex86464,alex86464,Ropa_2_should,666
elaineosborne465,elaineosborne465,Ropa_0_you,92
elaineosborne465,elaineosborne465,Ropa_1_product,970
elaineosborne465,elaineosborne465,Ropa_2_capital,26
williamramirez466,williamramirez466,Ropa_0_all,238
williamramirez466,williamramirez466,Ropa_1_discover,180
williamramirez466,williamramirez466,Ropa_2_way,148
estradalindsay467,estradalindsay467,Ropa_0_under,933
estradalindsay467,estradalindsay467,Ropa_1_reflect,913
estradalindsay467,estradalindsay467,Ropa_2_majority,138
george71468,george71468,Ropa_0_agreement,969
george71468,george71468,Ropa_1_watch,812
george71468,george71468,Ropa_2_consider,541
denise18469,denise18469,Ropa_1_building,638
denise18469,denise18469,Ropa_2_future,120
nicholeevans470,nicholeevans470,Ropa_0_report,442
nicholeevans470,nicholeevans470,Ropa_1_purpose,102
christopher57471,christopher57471,Ropa_0_finish,906
tsmith472,tsmith472,Ropa_2_thing,248
deannapatterson473,deannapatterson473,Ropa_0_north,844
deannapatterson473,deannapatterson473,Ropa_1_rise,301
deannapatterson473,deannapatterson473,Ropa_2_simple,852
aboyd474,aboyd474,Ropa_1_character,277
aboyd474,aboyd474,Ropa_2_cup,137
kennethluna475,kennethluna475,Ropa_1_walk,990
kennethluna475,kennethluna475,Ropa_2_power,719
samuel41476,samuel41476,Ropa_0_green,686
samuel41476,samuel41476,Ropa_2_fire,207
annette79477,annette79477,Ropa_0_notice,966
annette79477,annette79477,Ropa_1_war,655
annette79477,annette79477,Ropa_2_page,765
sydney24478,sydney24478,Ropa_0_any,385
sydney24478,sydney24478,Ropa_1_style,201
sydney24478,sydney24478,Ropa_2_responsibility,676
justin55479,justin55479,Ropa_0_area,414
justin55479,justin55479,Ropa_1_allow,339
suttonpaul480,suttonpaul480,Ropa_0_center,255
gwillis481,gwillis481,Ropa_0_stuff,217
gwillis481,gwillis481,Ropa_1_politics,373
gwillis481,gwillis481,Ropa_2_scientist,452
bankstony482,bankstony482,Ropa_0_girl,232
bankstony482,bankstony482,Ropa_1_try,122
bankstony482,bankstony482,Ropa_2_never,757
alexander70483,alexander70483,Ropa_0_figure,862
alexander70483,alexander70483,Ropa_2_ball,253
curtisjohn484,curtisjohn484,Ropa_0_heart,697
curtisjohn484,curtisjohn484,Ropa_2_represent,389
qmolina485,qmolina485,Ropa_0_join,169
qmolina485,qmolina485,Ropa_1_current,243
kenneth93486,kenneth93486,Ropa_0_least,422
douglas73487,douglas73487,Ropa_0_store,154
douglas73487,douglas73487,Ropa_1_force,355
douglas73487,douglas73487,Ropa_2_maybe,30
michelleskinner488,michelleskinner488,Ropa_0_without,738
michelleskinner488,michelleskinner488,Ropa_1_building,75
michelleskinner488,michelleskinner488,Ropa_2_dream,247
lisa57489,lisa57489,Ropa_0_eat,767
lisa57489,lisa57489,Ropa_1_manager,151
lisa57489,lisa57489,Ropa_2_guess,158
alisha83490,alisha83490,Ropa_1_hospital,462
alisha83490,alisha83490,Ropa_2_shoulder,149
richard45491,richard45491,Ropa_1_able,579
maddoxemily492,maddoxemily492,Ropa_0_least,672
patrickjimenez493,patrickjimenez493,Ropa_0_use,759
patrickjimenez493,patrickjimenez493,Ropa_2_even,318
lynnmandy494,lynnmandy494,Ropa_1_toward,224
lynnmandy494,lynnmandy494,Ropa_2_little,581
mcclurejimmy495,mcclurejimmy495,Ropa_0_dog,403
mcclurejimmy495,mcclurejimmy495,Ropa_1_police,248
richard50496,richard50496,Ropa_1_off,261
hernandezwanda497,hernandezwanda497,Ropa_0_trouble,217
hernandezwanda497,hernandezwanda497,Ropa_1_commercial,535
hernandezwanda497,hernandezwanda497,Ropa_2_popular,132
nmartinez498,nmartinez498,Ropa_0_outside,2
nmartinez498,nmartinez498,Ropa_1_style,984
nmartinez498,nmartinez498,Ropa_2_campaign,720
richard37499,richard37499,Ropa_0_despite,664
richard37499,richard37499,Ropa_1_herself,672
richard37499,richard37499,Ropa_2_career,66
garcialarry500,garcialarry500,Ropa_0_have,145
garcialarry500,garcialarry500,Ropa_1_moment,204
garcialarry500,garcialarry500,Ropa_2_race,618
christiegarcia501,christiegarcia501,Ropa_1_over,429
qbridges502,qbridges502,Ropa_1_especially,731
qbridges502,qbridges502,Ropa_2_notice,292
robert91503,robert91503,Ropa_1_stay,441
robert91503,robert91503,Ropa_2_also,446
wilsonmichael504,wilsonmichael504,Ropa_0_around,82
ccain505,ccain505,Ropa_1_wind,740
ccain505,ccain505,Ropa_2_somebody,472
vincent57506,vincent57506,Ropa_0_exactly,160
davidfleming507,davidfleming507,Ropa_1_history,293
davidfleming507,davidfleming507,Ropa_2_that,246
valdezraymond508,valdezraymond508,Ropa_0_office,96
valdezraymond508,valdezraymond508,Ropa_2_today,887
kathrynburns509,kathrynburns509,Ropa_0_impact,640
kathrynburns509,kathrynburns509,Ropa_1_when,128
michaelwalters510,michaelwalters510,Ropa_0_director,260
michaelwalters510,michaelwalters510,Ropa_1_three,288
jonathan50511,jonathan50511,Ropa_0_energy,943
jonathan50511,jonathan50511,Ropa_1_pass,251
riveramichelle512,riveramichelle512,Ropa_0_indeed,172
ashley91513,ashley91513,Ropa_0_ask,290
ashley91513,ashley91513,Ropa_1_would,49
ashley91513,ashley91513,Ropa_2_let,921
calebgarrett514,calebgarrett514,Ropa_1_trouble,667
calebgarrett514,calebgarrett514,Ropa_2_standard,53
carterjenna515,carterjenna515,Ropa_0_work,684
carterjenna515,carterjenna515,Ropa_1_between,403
carterjenna515,carterjenna515,Ropa_2_safe,637
caroljensen516,caroljensen516,Ropa_0_either,910
caroljensen516,caroljensen516,Ropa_2_sign,499
brittany18517,brittany18517,Ropa_1_offer,39
brittany18517,brittany18517,Ropa_2_produce,222
wrightmartha518,wrightmartha518,Ropa_0_responsibility,363
wrightmartha518,wrightmartha518,Ropa_2_example,766
smithaaron519,smithaaron519,Ropa_0_guy,540
smithaaron519,smithaaron519,Ropa_1_space,39
smithaaron519,smithaaron519,Ropa_2_eye,577
wcabrera520,wcabrera520,Ropa_0_agreement,320
wcabrera520,wcabrera520,Ropa_1_pass,459
wcabrera520,wcabrera520,Ropa_2_attention,192
cruzjason521,cruzjason521,Ropa_2_positive,639
walkermark522,walkermark522,Ropa_0_detail,786
walkermark522,walkermark522,Ropa_1_economy,466
walkermark522,walkermark522,Ropa_2_hour,747
millervirginia524,millervirginia524,Ropa_1_million,691
millervirginia524,millervirginia524,Ropa_2_fall,175
qandrews525,qandrews525,Ropa_0_win,120
aaronfowler526,aaronfowler526,Ropa_0_either,148
aaronfowler526,aaronfowler526,Ropa_1_recognize,106
aaronfowler526,aaronfowler526,Ropa_2_few,544
laurenchung527,laurenchung527,Ropa_0_remember,662
laurenchung527,laurenchung527,Ropa_1_better,579
kimberlydiaz528,kimberlydiaz528,Ropa_1_serve,570
kimberlydiaz528,kimberlydiaz528,Ropa_2_drop,931
kylecook529,kylecook529,Ropa_0_hundred,554
kylecook529,kylecook529,Ropa_1_event,505
kylecook529,kylecook529,Ropa_2_author,619
ibaker530,ibaker530,Ropa_0_officer,463
ibaker530,ibaker530,Ropa_1_official,24
ibaker530,ibaker530,Ropa_2_grow,509
hballard531,hballard531,Ropa_1_common,380
hballard531,hballard531,Ropa_2_radio,326
buchanandouglas532,buchanandouglas532,Ropa_0_director,449
buchanandouglas532,buchanandouglas532,Ropa_1_high,43
lshannon533,lshannon533,Ropa_0_building,313
lshannon533,lshannon533,Ropa_1_follow,674
lshannon533,lshannon533,Ropa_2_similar,987
whitevincent534,whitevincent534,Ropa_0_oil,440
omurphy535,omurphy535,Ropa_0_view,667
omurphy535,omurphy535,Ropa_2_million,69
glewis536,glewis536,Ropa_1_this,692
katelynandersen537,katelynandersen537,Ropa_0_detail,766
katelynandersen537,katelynandersen537,Ropa_1_early,36
katelynandersen537,katelynandersen537,Ropa_2_develop,201
donnayoder538,donnayoder538,Ropa_0_ask,14
donnayoder538,donnayoder538,Ropa_1_peace,761
qbrown539,qbrown539,Ropa_1_cup,86
qbrown539,qbrown539,Ropa_2_trouble,593
joshuacarlson540,joshuacarlson540,Ropa_1_society,102
joshuacarlson540,joshuacarlson540,Ropa_2_social,483
curtis37541,curtis37541,Ropa_0_have,394
curtis37541,curtis37541,Ropa_1_herself,452
marcussmall542,marcussmall542,Ropa_1_learn,482
barnesmichael543,barnesmichael543,Ropa_1_hear,470
courtneyjones544,courtneyjones544,Ropa_1_he,617
mhull545,mhull545,Ropa_0_light,166
mhull545,mhull545,Ropa_1_next,721
zbrooks546,zbrooks546,Ropa_0_someone,881
zbrooks546,zbrooks546,Ropa_1_suddenly,175
wnicholson547,wnicholson547,Ropa_2_impact,887
brandonlogan548,brandonlogan548,Ropa_0_save,943
brandonlogan548,brandonlogan548,Ropa_2_star,983
vpham549,vpham549,Ropa_0_behind,575
vpham549,vpham549,Ropa_1_perhaps,326
vpham549,vpham549,Ropa_2_organization,725
valerieross550,valerieross550,Ropa_2_several,698
ericcrawford551,ericcrawford551,Ropa_1_stage,837
ericcrawford551,ericcrawford551,Ropa_2_list,684
salinaslaura552,salinaslaura552,Ropa_1_current,100
salinaslaura552,salinaslaura552,Ropa_2_brother,973
pruiz553,pruiz553,Ropa_1_middle,155
davisamanda554,davisamanda554,Ropa_1_test,155
davisamanda554,davisamanda554,Ropa_2_modern,520
mcguirechristina555,mcguirechristina555,Ropa_0_light,249
mcguirechristina555,mcguirechristina555,Ropa_1_individual,666
mcguirechristina555,mcguirechristina555,Ropa_2_skin,644
urodriguez556,urodriguez556,Ropa_0_art,77
urodriguez556,urodriguez556,Ropa_1_same,359
john09557,john09557,Ropa_1_anything,556
kellyfrederick558,kellyfrederick558,Ropa_0_course,512
jonesjohn559,jonesjohn559,Ropa_0_seven,568
jonesjohn559,jonesjohn559,Ropa_1_either,419
jonesjohn559,jonesjohn559,Ropa_2_matter,992
davisrobert560,davisrobert560,Ropa_0_gas,33
davisrobert560,davisrobert560,Ropa_1_agreement,375
iholt561,iholt561,Ropa_0_social,791
iholt561,iholt561,Ropa_1_deep,64
iholt561,iholt561,Ropa_2_structure,437
ptucker562,ptucker562,Ropa_0_fast,920
ptucker562,ptucker562,Ropa_1_the,21
ptucker562,ptucker562,Ropa_2_establish,685
dixonjonathan563,dixonjonathan563,Ropa_0_event,87
dixonjonathan563,dixonjonathan563,Ropa_1_all,324
dixonjonathan563,dixonjonathan563,Ropa_2_can,162
michaeldavis564,michaeldavis564,Ropa_0_interest,673
michaeldavis564,michaeldavis564,Ropa_2_difference,773
timothy97565,timothy97565,Ropa_0_responsibility,93
timothy97565,timothy97565,Ropa_1_Democrat,923
timothy97565,timothy97565,Ropa_2_I,485
ramoslori566,ramoslori566,Ropa_2_treatment,204
nancy87567,nancy87567,Ropa_0_role,448
nancy87567,nancy87567,Ropa_2_turn,552
langbarbara568,langbarbara568,Ropa_0_six,230
langbarbara568,langbarbara568,Ropa_1_large,150
langbarbara568,langbarbara568,Ropa_2_feeling,418
fisheramanda569,fisheramanda569,Ropa_0_people,373
fisheramanda569,fisheramanda569,Ropa_2_art,81
tjordan570,tjordan570,Ropa_1_campaign,675
tjordan570,tjordan570,Ropa_2_hot,82
heathermatthews571,heathermatthews571,Ropa_0_yard,768
heathermatthews571,heathermatthews571,Ropa_1_late,371
heathermatthews571,heathermatthews571,Ropa_2_down,859
david03572,david03572,Ropa_0_democratic,477
ywall573,ywall573,Ropa_0_party,268
ywall573,ywall573,Ropa_1_enjoy,601
ywall573,ywall573,Ropa_2_around,361
robert54574,robert54574,Ropa_0_rule,188
robert54574,robert54574,Ropa_1_keep,881
donnageorge575,donnageorge575,Ropa_0_young,798
donnageorge575,donnageorge575,Ropa_1_ability,138
austin27576,austin27576,Ropa_0_yard,570
austin27576,austin27576,Ropa_1_order,675
austin27576,austin27576,Ropa_2_action,163
xmccarty577,xmccarty577,Ropa_0_type,982
steven73578,steven73578,Ropa_0_know,510
steven73578,steven73578,Ropa_1_play,622
steven73578,steven73578,Ropa_2_often,484
ndavis579,ndavis579,Ropa_0_PM,799
ndavis579,ndavis579,Ropa_2_yard,770
robertshannah580,robertshannah580,Ropa_0_as,622
robertshannah580,robertshannah580,Ropa_1_produce,395
dvazquez581,dvazquez581,Ropa_0_center,201
dvazquez581,dvazquez581,Ropa_1_act,381
danawilliams582,danawilliams582,Ropa_0_grow,460
danawilliams582,danawilliams582,Ropa_2_worry,781
dmorales583,dmorales583,Ropa_0_shoulder,227
dmorales583,dmorales583,Ropa_1_lay,536
thomaswalters584,thomaswalters584,Ropa_2_produce,574
hollowayteresa585,hollowayteresa585,Ropa_0_share,503
hollowayteresa585,hollowayteresa585,Ropa_1_career,927
hollowayteresa585,hollowayteresa585,Ropa_2_serve,209
jgreen586,jgreen586,Ropa_0_resource,122
jgreen586,jgreen586,Ropa_2_pass,525
lorithomas587,lorithomas587,Ropa_0_stuff,307
lorithomas587,lorithomas587,Ropa_1_computer,580
lorithomas587,lorithomas587,Ropa_2_billion,490
yfitzgerald588,yfitzgerald588,Ropa_0_radio,963
jeff40589,jeff40589,Ropa_0_run,455
jeff40589,jeff40589,Ropa_1_analysis,978
anna40590,anna40590,Ropa_1_marriage,680
hlynn591,hlynn591,Ropa_1_present,877
hlynn591,hlynn591,Ropa_2_officer,980
joshua12592,joshua12592,Ropa_0_charge,43
joshua12592,joshua12592,Ropa_1_write,116
joshua12592,joshua12592,Ropa_2_happen,39
christinapeterson593,christinapeterson593,Ropa_1_month,601
christinapeterson593,christinapeterson593,Ropa_2_response,919
aaron03594,aaron03594,Ropa_0_south,373
aaron03594,aaron03594,Ropa_1_food,513
aaron03594,aaron03594,Ropa_2_race,325
lesliegallagher595,lesliegallagher595,Ropa_1_reach,816
lesliegallagher595,lesliegallagher595,Ropa_2_she,296
awillis596,awillis596,Ropa_0_store,126
awillis596,awillis596,Ropa_1_society,411
awillis596,awillis596,Ropa_2_art,326
davidward597,davidward597,Ropa_0_act,433
davidward597,davidward597,Ropa_2_make,392
mannaaron598,mannaaron598,Ropa_1_hear,281
macdonaldelizabeth599,macdonaldelizabeth599,Ropa_2_ahead,437
smithamanda600,smithamanda600,Ropa_0_interesting,118
smithamanda600,smithamanda600,Ropa_1_step,397
smithamanda600,smithamanda600,Ropa_2_medical,455
arnoldlauren601,arnoldlauren601,Ropa_1_agree,545
arnoldlauren601,arnoldlauren601,Ropa_2_ahead,948
sean25602,sean25602,Ropa_0_night,18
sean25602,sean25602,Ropa_1_point,940
sean25602,sean25602,Ropa_2_animal,407
walkerjared603,walkerjared603,Ropa_0_stand,684
walkerjared603,walkerjared603,Ropa_1_leave,519
walkerjared603,walkerjared603,Ropa_2_view,325
uhuff604,uhuff604,Ropa_1_myself,250
uhuff604,uhuff604,Ropa_2_item,334
ugalvan605,ugalvan605,Ropa_1_company,353
ugalvan605,ugalvan605,Ropa_2_car,280
edennis606,edennis606,Ropa_0_free,980
edennis606,edennis606,Ropa_1_cell,357
edennis606,edennis606,Ropa_2_two,678
montoyadeborah607,montoyadeborah607,Ropa_0_state,440
montoyadeborah607,montoyadeborah607,Ropa_1_marriage,661
zachary03608,zachary03608,Ropa_2_approach,240
pollarddonna609,pollarddonna609,Ropa_0_arm,243
pollarddonna609,pollarddonna609,Ropa_1_star,189
michelle59610,michelle59610,Ropa_0_such,705
michelle59610,michelle59610,Ropa_1_notice,590
gomezlisa611,gomezlisa611,Ropa_0_go,723
gomezlisa611,gomezlisa611,Ropa_1_prove,107
kevingonzalez612,kevingonzalez612,Ropa_2_what,618
thamilton613,thamilton613,Ropa_1_film,49
paul36614,paul36614,Ropa_0_professor,711
paul36614,paul36614,Ropa_1_tonight,395
lsmith615,lsmith615,Ropa_0_finally,641
lsmith615,lsmith615,Ropa_1_church,79
lsmith615,lsmith615,Ropa_2_president,494
xmarshall616,xmarshall616,Ropa_0_morning,758
anthonynewman617,anthonynewman617,Ropa_0_she,426
anthonynewman617,anthonynewman617,Ropa_2_account,878
kchapman618,kchapman618,Ropa_1_similar,262
kchapman618,kchapman618,Ropa_2_property,151
johnsonryan619,johnsonryan619,Ropa_0_support,881
johnsonryan619,johnsonryan619,Ropa_1_fall,26
johnsonryan619,johnsonryan619,Ropa_2_leader,261
tsullivan620,tsullivan620,Ropa_0_my,326
tsullivan620,tsullivan620,Ropa_1_take,451
tsullivan620,tsullivan620,Ropa_2_detail,407
rachelberry621,rachelberry621,Ropa_1_little,51
parkbrett622,parkbrett622,Ropa_0_medical,38
parkbrett622,parkbrett622,Ropa_1_improve,624
parkbrett622,parkbrett622,Ropa_2_bad,920
wroberts623,wroberts623,Ropa_0_evening,514
wroberts623,wroberts623,Ropa_1_down,598
wroberts623,wroberts623,Ropa_2_establish,49
vhall624,vhall624,Ropa_0_art,67
vhall624,vhall624,Ropa_2_hour,800
lisapatel625,lisapatel625,Ropa_0_section,276
lisapatel625,lisapatel625,Ropa_1_floor,706
lisapatel625,lisapatel625,Ropa_2_small,51
tylerwarner626,tylerwarner626,Ropa_0_actually,132
tylerwarner626,tylerwarner626,Ropa_1_term,218
tylerwarner626,tylerwarner626,Ropa_2_anyone,415
pholland627,pholland627,Ropa_1_run,220
austinrhodes628,austinrhodes628,Ropa_2_suffer,51
susanturner629,susanturner629,Ropa_0_fill,195
susanturner629,susanturner629,Ropa_1_structure,252
nrosario630,nrosario630,Ropa_1_whom,635
nrosario630,nrosario630,Ropa_2_opportunity,139
troyhutchinson631,troyhutchinson631,Ropa_2_before,567
stacey41632,stacey41632,Ropa_0_listen,884
stacey41632,stacey41632,Ropa_1_evidence,743
mcknighttina633,mcknighttina633,Ropa_2_body,174
iweiss634,iweiss634,Ropa_0_challenge,543
iweiss634,iweiss634,Ropa_1_question,628
iweiss634,iweiss634,Ropa_2_so,398
daviddickerson635,daviddickerson635,Ropa_0_discussion,978
daviddickerson635,daviddickerson635,Ropa_1_street,379
daviddickerson635,daviddickerson635,Ropa_2_now,838
bpadilla636,bpadilla636,Ropa_0_quite,940
bpadilla636,bpadilla636,Ropa_1_wife,273
bpadilla636,bpadilla636,Ropa_2_writer,307
qmoon637,qmoon637,Ropa_0_police,488
qmoon637,qmoon637,Ropa_1_which,5
qmoon637,qmoon637,Ropa_2_music,519
campbellcolleen638,campbellcolleen638,Ropa_0_raise,532
campbellcolleen638,campbellcolleen638,Ropa_1_nation,743
campbellcolleen638,campbellcolleen638,Ropa_2_ready,557
hudsondavid639,hudsondavid639,Ropa_0_soon,678
hudsondavid639,hudsondavid639,Ropa_1_something,916
hudsondavid639,hudsondavid639,Ropa_2_investment,753
jasonperez640,jasonperez640,Ropa_1_for,759
taylorluke641,taylorluke641,Ropa_1_pretty,849
taylorluke641,taylorluke641,Ropa_2_positive,540
rodriguezchristopher642,rodriguezchristopher642,Ropa_0_worry,811
rodriguezchristopher642,rodriguezchristopher642,Ropa_1_training,795
wharris643,wharris643,Ropa_0_themselves,374
wharris643,wharris643,Ropa_1_tree,63
wharris643,wharris643,Ropa_2_international,359
leslie92644,leslie92644,Ropa_1_present,631
leslie92644,leslie92644,Ropa_2_wind,281
andradeolivia645,andradeolivia645,Ropa_0_world,78
andradeolivia645,andradeolivia645,Ropa_1_major,209
melissa96646,melissa96646,Ropa_1_example,898
greenethomas647,greenethomas647,Ropa_0_truth,867
greenethomas647,greenethomas647,Ropa_2_music,194
mitchelljoann648,mitchelljoann648,Ropa_0_must,971
mitchelljoann648,mitchelljoann648,Ropa_1_exist,956
cnorris649,cnorris649,Ropa_0_mind,705
cnorris649,cnorris649,Ropa_2_agency,403
erikanelson650,erikanelson650,Ropa_0_market,460
erikanelson650,erikanelson650,Ropa_1_we,42
erikanelson650,erikanelson650,Ropa_2_to,141
heathersanders651,heathersanders651,Ropa_1_let,175
heathersanders651,heathersanders651,Ropa_2_model,501
nconley652,nconley652,Ropa_0_to,525
nconley652,nconley652,Ropa_1_situation,836
nconley652,nconley652,Ropa_2_will,458
jennifermccarthy653,jennifermccarthy653,Ropa_0_debate,545
jennifermccarthy653,jennifermccarthy653,Ropa_2_amount,407
bwilson654,bwilson654,Ropa_1_drop,582
bwilson654,bwilson654,Ropa_2_as,427
zlarson655,zlarson655,Ropa_0_general,758
zlarson655,zlarson655,Ropa_1_data,215
mullenrebecca656,mullenrebecca656,Ropa_0_movement,571
jasongriffith657,jasongriffith657,Ropa_0_collection,366
jasongriffith657,jasongriffith657,Ropa_2_during,642
fritzterry658,fritzterry658,Ropa_0_gas,421
fritzterry658,fritzterry658,Ropa_1_thus,662
murphydaniel659,murphydaniel659,Ropa_1_response,156
murphydaniel659,murphydaniel659,Ropa_2_health,676
jonesmelissa660,jonesmelissa660,Ropa_0_middle,664
jonesmelissa660,jonesmelissa660,Ropa_2_through,199
reidmike661,reidmike661,Ropa_1_cost,708
reidmike661,reidmike661,Ropa_2_despite,243
markdudley662,markdudley662,Ropa_0_color,468
markdudley662,markdudley662,Ropa_2_second,97
ndoyle663,ndoyle663,Ropa_0_way,308
ndoyle663,ndoyle663,Ropa_1_purpose,747
kimberly99664,kimberly99664,Ropa_1_start,487
kimberly99664,kimberly99664,Ropa_2_reflect,39
kathleenrodriguez665,kathleenrodriguez665,Ropa_0_meeting,42
kathleenrodriguez665,kathleenrodriguez665,Ropa_2_last,511
mary87666,mary87666,Ropa_1_within,273
mary87666,mary87666,Ropa_2_reality,548
jimmypatterson667,jimmypatterson667,Ropa_0_agree,273
jimmypatterson667,jimmypatterson667,Ropa_1_since,87
birdpaul668,birdpaul668,Ropa_0_none,905
birdpaul668,birdpaul668,Ropa_1_piece,7
birdpaul668,birdpaul668,Ropa_2_ready,59
robinsonmark669,robinsonmark669,Ropa_0_east,491
robinsonmark669,robinsonmark669,Ropa_1_worry,498
robinsonmark669,robinsonmark669,Ropa_2_start,960
allison53670,allison53670,Ropa_0_own,410
allison53670,allison53670,Ropa_1_back,684
allison53670,allison53670,Ropa_2_our,222
oward671,oward671,Ropa_0_offer,397
oward671,oward671,Ropa_1_friend,920
christophermoore672,christophermoore672,Ropa_0_agreement,363
christophermoore672,christophermoore672,Ropa_2_month,685
michael33673,michael33673,Ropa_0_body,962
michael33673,michael33673,Ropa_2_collection,168
rosevicki674,rosevicki674,Ropa_0_treat,357
michaellawrence675,michaellawrence675,Ropa_0_peace,952
michaellawrence675,michaellawrence675,Ropa_2_respond,61
jennifer19676,jennifer19676,Ropa_0_the,956
jennifer19676,jennifer19676,Ropa_1_house,681
sweeneyalicia677,sweeneyalicia677,Ropa_2_late,994
tamara61678,tamara61678,Ropa_2_billion,451
clarkwilliam679,clarkwilliam679,Ropa_1_doctor,761
emata680,emata680,Ropa_0_manager,902
emata680,emata680,Ropa_1_enter,463
jillianrobinson681,jillianrobinson681,Ropa_0_trade,942
jillianrobinson681,jillianrobinson681,Ropa_1_difficult,292
jillianrobinson681,jillianrobinson681,Ropa_2_perhaps,356
morgan17682,morgan17682,Ropa_0_business,324
morgan17682,morgan17682,Ropa_1_process,509
morgan17682,morgan17682,Ropa_2_better,703
ramirezjames683,ramirezjames683,Ropa_1_trade,301
ramirezjames683,ramirezjames683,Ropa_2_up,113
sandra14684,sandra14684,Ropa_0_play,725
sandra14684,sandra14684,Ropa_1_meeting,925
lbooker685,lbooker685,Ropa_0_beautiful,275
lbooker685,lbooker685,Ropa_1_your,951
lbooker685,lbooker685,Ropa_2_yourself,226
djones687,djones687,Ropa_0_community,927
djones687,djones687,Ropa_1_become,55
scott33688,scott33688,Ropa_0_evidence,562
floydmark689,floydmark689,Ropa_1_mouth,383
floydmark689,floydmark689,Ropa_2_turn,772
judith18690,judith18690,Ropa_1_enough,349
judith18690,judith18690,Ropa_2_future,260
scott22691,scott22691,Ropa_1_special,327
scott22691,scott22691,Ropa_2_white,580
alexbender692,alexbender692,Ropa_0_successful,699
alexbender692,alexbender692,Ropa_1_citizen,182
alexbender692,alexbender692,Ropa_2_difference,994
david95693,david95693,Ropa_1_before,779
maldonadomichelle694,maldonadomichelle694,Ropa_0_glass,405
maldonadomichelle694,maldonadomichelle694,Ropa_1_star,31
maldonadomichelle694,maldonadomichelle694,Ropa_2_staff,946
michelle74695,michelle74695,Ropa_0_science,668
michelle74695,michelle74695,Ropa_2_interview,275
dana68696,dana68696,Ropa_0_term,961
dana68696,dana68696,Ropa_1_director,927
dana68696,dana68696,Ropa_2_outside,242
hhall697,hhall697,Ropa_0_various,595
hhall697,hhall697,Ropa_2_material,214
williamcaldwell698,williamcaldwell698,Ropa_0_attack,986
dfischer699,dfischer699,Ropa_2_western,746
jgalloway700,jgalloway700,Ropa_0_character,899
bushtravis701,bushtravis701,Ropa_1_believe,575
bushtravis701,bushtravis701,Ropa_2_wrong,427
bradylisa702,bradylisa702,Ropa_0_can,999
bradylisa702,bradylisa702,Ropa_2_reach,194
john02703,john02703,Ropa_0_practice,81
john02703,john02703,Ropa_1_music,713
annjones704,annjones704,Ropa_0_air,406
annjones704,annjones704,Ropa_1_else,789
annjones704,annjones704,Ropa_2_wish,260
brownrebecca705,brownrebecca705,Ropa_0_owner,236
brownrebecca705,brownrebecca705,Ropa_1_wish,790
brownrebecca705,brownrebecca705,Ropa_2_while,512
jane40706,jane40706,Ropa_1_many,96
jane40706,jane40706,Ropa_2_rise,940
dhill707,dhill707,Ropa_0_large,791
hortonjoshua708,hortonjoshua708,Ropa_0_forward,52
hortonjoshua708,hortonjoshua708,Ropa_2_tax,804
blakejohnson709,blakejohnson709,Ropa_0_practice,402
blakejohnson709,blakejohnson709,Ropa_1_thus,905
blakejohnson709,blakejohnson709,Ropa_2_work,195
sonyarobinson710,sonyarobinson710,Ropa_0_major,830
joshuaallen711,joshuaallen711,Ropa_0_small,312
jhurst712,jhurst712,Ropa_0_religious,498
jhurst712,jhurst712,Ropa_1_bill,357
jhurst712,jhurst712,Ropa_2_character,25
garciakeith713,garciakeith713,Ropa_0_direction,978
garciakeith713,garciakeith713,Ropa_1_information,242
garciakeith713,garciakeith713,Ropa_2_off,547
durhamtammy715,durhamtammy715,Ropa_1_guess,861
durhamtammy715,durhamtammy715,Ropa_2_activity,632
rhenderson716,rhenderson716,Ropa_0_sing,544
rhenderson716,rhenderson716,Ropa_1_perform,433
rhenderson716,rhenderson716,Ropa_2_media,961
zchambers717,zchambers717,Ropa_0_author,136
zchambers717,zchambers717,Ropa_1_care,91
jonesglenda718,jonesglenda718,Ropa_0_according,451
jonesglenda718,jonesglenda718,Ropa_1_physical,116
jonesglenda718,jonesglenda718,Ropa_2_building,289
gamblelarry719,gamblelarry719,Ropa_0_against,972
judith17720,judith17720,Ropa_1_however,321
hendersondaniel721,hendersondaniel721,Ropa_0_century,154
hendersondaniel721,hendersondaniel721,Ropa_1_conference,630
rodgersmelissa722,rodgersmelissa722,Ropa_0_commercial,618
rodgersmelissa722,rodgersmelissa722,Ropa_1_rise,879
rodgersmelissa722,rodgersmelissa722,Ropa_2_last,580
aodonnell723,aodonnell723,Ropa_1_son,796
aodonnell723,aodonnell723,Ropa_2_partner,681
morriskelly724,morriskelly724,Ropa_0_walk,416
morriskelly724,morriskelly724,Ropa_1_standard,489
morriskelly724,morriskelly724,Ropa_2_beyond,562
janet03725,janet03725,Ropa_1_sure,956
janet03725,janet03725,Ropa_2_including,385
carlsonrandall726,carlsonrandall726,Ropa_1_take,821
carlsonrandall726,carlsonrandall726,Ropa_2_to,666
cody80727,cody80727,Ropa_0_soldier,698
cody80727,cody80727,Ropa_1_reflect,505
cody80727,cody80727,Ropa_2_those,466
boyermadeline728,boyermadeline728,Ropa_0_allow,549
cynthia87729,cynthia87729,Ropa_1_politics,85
cynthia87729,cynthia87729,Ropa_2_better,962
hfernandez730,hfernandez730,Ropa_0_daughter,601
hfernandez730,hfernandez730,Ropa_1_month,32
hfernandez730,hfernandez730,Ropa_2_spend,237
laurenpugh731,laurenpugh731,Ropa_1_sure,786
laurenpugh731,laurenpugh731,Ropa_2_response,555
ashley51732,ashley51732,Ropa_0_there,228
ashley51732,ashley51732,Ropa_2_dream,944
xanderson733,xanderson733,Ropa_0_value,425
xanderson733,xanderson733,Ropa_1_court,949
xanderson733,xanderson733,Ropa_2_them,613
morenomelissa734,morenomelissa734,Ropa_0_charge,454
morenomelissa734,morenomelissa734,Ropa_1_situation,842
morenomelissa734,morenomelissa734,Ropa_2_hotel,917
mark06736,mark06736,Ropa_1_political,68
mark06736,mark06736,Ropa_2_garden,865
nnelson737,nnelson737,Ropa_0_security,735
nnelson737,nnelson737,Ropa_2_report,798
alicia94738,alicia94738,Ropa_0_front,474
alicia94738,alicia94738,Ropa_1_if,213
alicia94738,alicia94738,Ropa_2_six,881
dianewilliams739,dianewilliams739,Ropa_0_industry,769
dianewilliams739,dianewilliams739,Ropa_1_human,773
dianewilliams739,dianewilliams739,Ropa_2_alone,125
vkline740,vkline740,Ropa_0_garden,973
vkline740,vkline740,Ropa_2_might,370
huffmanmichael741,huffmanmichael741,Ropa_1_structure,213
huffmanmichael741,huffmanmichael741,Ropa_2_cost,602
nancy90742,nancy90742,Ropa_0_thought,604
nancy90742,nancy90742,Ropa_2_choice,280
nhernandez743,nhernandez743,Ropa_0_will,834
nhernandez743,nhernandez743,Ropa_2_question,168
melissa65744,melissa65744,Ropa_0_director,158
melissa65744,melissa65744,Ropa_1_country,136
melissa65744,melissa65744,Ropa_2_red,88
dsantos745,dsantos745,Ropa_0_could,764
dsantos745,dsantos745,Ropa_1_easy,712
dsantos745,dsantos745,Ropa_2_collection,290
marymartin746,marymartin746,Ropa_0_candidate,426
marymartin746,marymartin746,Ropa_1_instead,996
aguilarstephanie747,aguilarstephanie747,Ropa_1_each,599
aguilarstephanie747,aguilarstephanie747,Ropa_2_along,521
justin25748,justin25748,Ropa_0_police,982
justin25748,justin25748,Ropa_1_almost,320
justin25748,justin25748,Ropa_2_down,96
wreilly749,wreilly749,Ropa_0_beat,169
wreilly749,wreilly749,Ropa_1_daughter,497
wreilly749,wreilly749,Ropa_2_least,705
sarah61750,sarah61750,Ropa_1_medical,268
sarah61750,sarah61750,Ropa_2_lose,170
olee751,olee751,Ropa_0_move,582
olee751,olee751,Ropa_1_onto,996
salazarangie752,salazarangie752,Ropa_2_democratic,991
rhodeslaura753,rhodeslaura753,Ropa_0_board,853
rhodeslaura753,rhodeslaura753,Ropa_1_star,105
rhodeslaura753,rhodeslaura753,Ropa_2_difference,770
christopher32754,christopher32754,Ropa_0_at,866
christopher32754,christopher32754,Ropa_1_final,486
christopher32754,christopher32754,Ropa_2_late,279
christinaroberts755,christinaroberts755,Ropa_0_every,241
christinaroberts755,christinaroberts755,Ropa_1_protect,284
michael16756,michael16756,Ropa_0_stay,423
michael16756,michael16756,Ropa_1_fight,548
michael16756,michael16756,Ropa_2_from,363
morganamanda757,morganamanda757,Ropa_1_first,133
morganamanda757,morganamanda757,Ropa_2_expert,204
chrisjohnson758,chrisjohnson758,Ropa_0_argue,625
chrisjohnson758,chrisjohnson758,Ropa_1_successful,355
markwatson759,markwatson759,Ropa_0_lose,410
markwatson759,markwatson759,Ropa_1_spring,348
kenneth17760,kenneth17760,Ropa_0_your,218
kenneth17760,kenneth17760,Ropa_2_able,555
romangina761,romangina761,Ropa_0_effect,593
romangina761,romangina761,Ropa_2_grow,387
tharrington762,tharrington762,Ropa_0_common,204
tharrington762,tharrington762,Ropa_1_person,928
tharrington762,tharrington762,Ropa_2_grow,401
todd86763,todd86763,Ropa_0_much,156
todd86763,todd86763,Ropa_1_health,950
jandrews764,jandrews764,Ropa_0_scene,716
jandrews764,jandrews764,Ropa_2_our,885
rrivera765,rrivera765,Ropa_0_laugh,605
rrivera765,rrivera765,Ropa_1_both,844
toddshelley766,toddshelley766,Ropa_2_music,760
mcgeedenise767,mcgeedenise767,Ropa_0_pressure,587
jenniferhughes768,jenniferhughes768,Ropa_0_Democrat,724
jenniferhughes768,jenniferhughes768,Ropa_2_six,791
abigailjones769,abigailjones769,Ropa_0_red,671
abigailjones769,abigailjones769,Ropa_1_when,307
abigailjones769,abigailjones769,Ropa_2_quickly,847
whitneysean770,whitneysean770,Ropa_0_her,773
kolsen771,kolsen771,Ropa_0_production,738
kolsen771,kolsen771,Ropa_2_whatever,846
bmiddleton772,bmiddleton772,Ropa_0_represent,989
jacob21773,jacob21773,Ropa_0_ago,674
jacob21773,jacob21773,Ropa_2_election,183
martinezgrant774,martinezgrant774,Ropa_0_could,545
martinezgrant774,martinezgrant774,Ropa_1_need,614
jennifer13775,jennifer13775,Ropa_0_enjoy,844
jennifer13775,jennifer13775,Ropa_1_western,328
rfranklin776,rfranklin776,Ropa_0_too,104
rfranklin776,rfranklin776,Ropa_1_life,898
rfranklin776,rfranklin776,Ropa_2_maybe,694
cynthia41777,cynthia41777,Ropa_0_fill,100
cynthia41777,cynthia41777,Ropa_1_toward,529
kellerjill778,kellerjill778,Ropa_0_free,733
kellerjill778,kellerjill778,Ropa_1_mind,663
kellerjill778,kellerjill778,Ropa_2_white,461
tbrady779,tbrady779,Ropa_1_yard,134
richardrodriguez780,richardrodriguez780,Ropa_0_from,299
richardrodriguez780,richardrodriguez780,Ropa_2_process,970
bailey34781,bailey34781,Ropa_0_world,578
bailey34781,bailey34781,Ropa_1_whether,42
theresasantos782,theresasantos782,Ropa_0_before,871
theresasantos782,theresasantos782,Ropa_1_program,193
theresasantos782,theresasantos782,Ropa_2_song,381
cnorman783,cnorman783,Ropa_0_quickly,704
cnorman783,cnorman783,Ropa_1_right,972
cnorman783,cnorman783,Ropa_2_upon,367
rsmith784,rsmith784,Ropa_1_great,707
rsmith784,rsmith784,Ropa_2_teach,922
aperez785,aperez785,Ropa_1_even,868
sheilapowell786,sheilapowell786,Ropa_2_your,572
hollydavis787,hollydavis787,Ropa_0_I,306
hollydavis787,hollydavis787,Ropa_1_another,76
hollydavis787,hollydavis787,Ropa_2_wall,850
morganmichael788,morganmichael788,Ropa_1_hotel,67
wstewart789,wstewart789,Ropa_0_season,303
wstewart789,wstewart789,Ropa_1_material,7
wstewart789,wstewart789,Ropa_2_determine,233
jennasalas790,jennasalas790,Ropa_0_put,533
jennasalas790,jennasalas790,Ropa_1_direction,784
jennasalas790,jennasalas790,Ropa_2_purpose,210
michaelscott791,michaelscott791,Ropa_0_control,624
michaelscott791,michaelscott791,Ropa_1_free,458
michaelscott791,michaelscott791,Ropa_2_market,770
tanya95792,tanya95792,Ropa_0_entire,195
tanya95792,tanya95792,Ropa_1_product,796
tanya95792,tanya95792,Ropa_2_reflect,984
dixonmichael793,dixonmichael793,Ropa_0_bar,284
dixonmichael793,dixonmichael793,Ropa_1_quickly,211
dixonmichael793,dixonmichael793,Ropa_2_third,104
kim35794,kim35794,Ropa_0_fire,899
kim35794,kim35794,Ropa_1_allow,262
palmerstephanie795,palmerstephanie795,Ropa_0_cold,519
palmerstephanie795,palmerstephanie795,Ropa_1_easy,207
palmerstephanie795,palmerstephanie795,Ropa_2_year,680
erinbanks796,erinbanks796,Ropa_1_artist,994
blevinsmathew797,blevinsmathew797,Ropa_1_security,812
blevinsmathew797,blevinsmathew797,Ropa_2_because,976
destrada798,destrada798,Ropa_0_within,914
destrada798,destrada798,Ropa_1_bag,967
destrada798,destrada798,Ropa_2_pay,164
danielle50799,danielle50799,Ropa_0_century,324
danielle50799,danielle50799,Ropa_2_truth,217
xnavarro800,xnavarro800,Ropa_0_reason,631
xnavarro800,xnavarro800,Ropa_1_three,263
ggreene801,ggreene801,Ropa_0_majority,564
ggreene801,ggreene801,Ropa_1_unit,591
luisscott802,luisscott802,Ropa_0_require,665
breannachavez803,breannachavez803,Ropa_0_tree,874
breannachavez803,breannachavez803,Ropa_1_nation,809
breannachavez803,breannachavez803,Ropa_2_foreign,754
moorecrystal804,moorecrystal804,Ropa_0_safe,303
moorecrystal804,moorecrystal804,Ropa_1_pay,564
moorecrystal804,moorecrystal804,Ropa_2_family,643
ericksonstephanie805,ericksonstephanie805,Ropa_0_ground,377
ericksonstephanie805,ericksonstephanie805,Ropa_1_kid,15
matthewlewis806,matthewlewis806,Ropa_0_sell,30
matthewlewis806,matthewlewis806,Ropa_1_back,909
matthewlewis806,matthewlewis806,Ropa_2_look,822
smiles807,smiles807,Ropa_0_husband,263
smiles807,smiles807,Ropa_1_such,515
bethanysmith808,bethanysmith808,Ropa_0_family,256
bethanysmith808,bethanysmith808,Ropa_1_friend,930
bethanysmith808,bethanysmith808,Ropa_2_how,414
matthew48810,matthew48810,Ropa_1_operation,588
abryan811,abryan811,Ropa_0_nice,245
abryan811,abryan811,Ropa_1_seat,788
abryan811,abryan811,Ropa_2_likely,908
wilsonwilliam812,wilsonwilliam812,Ropa_1_play,104
wilsonwilliam812,wilsonwilliam812,Ropa_2_production,659
kayleehenry813,kayleehenry813,Ropa_0_also,120
kayleehenry813,kayleehenry813,Ropa_1_nothing,78
jeanettebraun814,jeanettebraun814,Ropa_0_shake,988
jeanettebraun814,jeanettebraun814,Ropa_1_surface,56
jeanettebraun814,jeanettebraun814,Ropa_2_notice,213
william11815,william11815,Ropa_0_western,751
william11815,william11815,Ropa_1_reveal,629
william11815,william11815,Ropa_2_always,330
judithhernandez816,judithhernandez816,Ropa_0_individual,885
judithhernandez816,judithhernandez816,Ropa_1_we,818
judithhernandez816,judithhernandez816,Ropa_2_though,526
mosleyellen817,mosleyellen817,Ropa_1_inside,245
mosleyellen817,mosleyellen817,Ropa_2_class,170
jeffreyrivera818,jeffreyrivera818,Ropa_0_room,832
jeffreyrivera818,jeffreyrivera818,Ropa_1_community,353
jeffreyrivera818,jeffreyrivera818,Ropa_2_use,723
tracy81819,tracy81819,Ropa_0_right,348
tracy81819,tracy81819,Ropa_1_fine,709
tracy81819,tracy81819,Ropa_2_song,347
alecerickson820,alecerickson820,Ropa_0_various,95
alecerickson820,alecerickson820,Ropa_1_many,703
brownjeremiah821,brownjeremiah821,Ropa_0_answer,748
hmartin822,hmartin822,Ropa_0_education,781
hmartin822,hmartin822,Ropa_1_clearly,954
hmartin822,hmartin822,Ropa_2_television,246
jamie94823,jamie94823,Ropa_0_wind,913
jamie94823,jamie94823,Ropa_1_seven,499
taylordevon824,taylordevon824,Ropa_0_range,6
taylordevon824,taylordevon824,Ropa_1_candidate,71
taylordevon824,taylordevon824,Ropa_2_the,550
serranochelsea825,serranochelsea825,Ropa_0_employee,125
burnettdarrell826,burnettdarrell826,Ropa_0_worker,899
burnettdarrell826,burnettdarrell826,Ropa_1_you,201
burnettdarrell826,burnettdarrell826,Ropa_2_perform,855
sstevens827,sstevens827,Ropa_1_election,737
mercadojennifer828,mercadojennifer828,Ropa_0_imagine,139
mercadojennifer828,mercadojennifer828,Ropa_1_almost,691
mercadojennifer828,mercadojennifer828,Ropa_2_town,542
benjamin14829,benjamin14829,Ropa_0_court,762
benjamin14829,benjamin14829,Ropa_1_community,523
williamsjulia830,williamsjulia830,Ropa_0_speech,982
williamsjulia830,williamsjulia830,Ropa_1_wall,919
williamsjulia830,williamsjulia830,Ropa_2_teach,209
johnparks831,johnparks831,Ropa_0_official,680
johnparks831,johnparks831,Ropa_2_authority,571
williamsonhunter832,williamsonhunter832,Ropa_0_interview,713
williamsonhunter832,williamsonhunter832,Ropa_1_sea,810
williamsonhunter832,williamsonhunter832,Ropa_2_likely,261
gstevenson833,gstevenson833,Ropa_0_free,281
qwalker834,qwalker834,Ropa_1_defense,39
qwalker834,qwalker834,Ropa_2_gun,288
johnsonsamantha835,johnsonsamantha835,Ropa_0_tell,371
johnsonsamantha835,johnsonsamantha835,Ropa_2_table,133
dgonzalez836,dgonzalez836,Ropa_0_open,76
dgonzalez836,dgonzalez836,Ropa_1_part,346
dgonzalez836,dgonzalez836,Ropa_2_feel,822
russelllang837,russelllang837,Ropa_1_car,139
russelllang837,russelllang837,Ropa_2_know,315
xmejia838,xmejia838,Ropa_0_itself,800
xmejia838,xmejia838,Ropa_1_than,979
xmejia838,xmejia838,Ropa_2_responsibility,872
jasminevega839,jasminevega839,Ropa_1_few,295
jasminevega839,jasminevega839,Ropa_2_next,294
jessica40840,jessica40840,Ropa_0_yes,828
jessica40840,jessica40840,Ropa_1_discussion,233
jessica40840,jessica40840,Ropa_2_entire,722
davidgutierrez841,davidgutierrez841,Ropa_1_daughter,580
rebecca88842,rebecca88842,Ropa_0_fact,889
rebecca88842,rebecca88842,Ropa_1_we,684
tammy02843,tammy02843,Ropa_1_community,43
alucas844,alucas844,Ropa_1_again,315
alucas844,alucas844,Ropa_2_impact,823
thomasderek845,thomasderek845,Ropa_1_series,466
thomasderek845,thomasderek845,Ropa_2_source,397
tracycook846,tracycook846,Ropa_0_team,966
tracycook846,tracycook846,Ropa_1_hear,747
derek81847,derek81847,Ropa_0_officer,651
derek81847,derek81847,Ropa_1_grow,179
linda15848,linda15848,Ropa_1_term,613
zachary47849,zachary47849,Ropa_0_line,472
zachary47849,zachary47849,Ropa_1_remember,810
jeffreygould850,jeffreygould850,Ropa_1_behavior,602
elliottmarco851,elliottmarco851,Ropa_1_rule,804
elliottmarco851,elliottmarco851,Ropa_2_low,32
sbryant852,sbryant852,Ropa_1_require,329
andradedonald853,andradedonald853,Ropa_0_market,608
andradedonald853,andradedonald853,Ropa_1_professor,161
andradedonald853,andradedonald853,Ropa_2_make,141
sjenkins855,sjenkins855,Ropa_2_back,406
thomas16856,thomas16856,Ropa_0_language,15
thomas16856,thomas16856,Ropa_1_store,56
peter58857,peter58857,Ropa_0_turn,654
peter58857,peter58857,Ropa_1_reflect,865
pjuarez858,pjuarez858,Ropa_0_think,246
pjuarez858,pjuarez858,Ropa_1_air,2
evansbeth859,evansbeth859,Ropa_1_five,873
anewman860,anewman860,Ropa_0_personal,706
anewman860,anewman860,Ropa_1_nation,706
anewman860,anewman860,Ropa_2_professor,457
pfloyd861,pfloyd861,Ropa_0_mention,270
pfloyd861,pfloyd861,Ropa_2_ago,232
webbcaitlin862,webbcaitlin862,Ropa_0_into,282
webbcaitlin862,webbcaitlin862,Ropa_2_measure,934
williamsjoshua863,williamsjoshua863,Ropa_0_wall,787
williamsjoshua863,williamsjoshua863,Ropa_1_which,509
kelly28864,kelly28864,Ropa_1_teacher,241
kelly28864,kelly28864,Ropa_2_condition,15
arthurgarcia865,arthurgarcia865,Ropa_0_any,129
arthurgarcia865,arthurgarcia865,Ropa_1_past,501
arthurgarcia865,arthurgarcia865,Ropa_2_front,61
mathisbrandon866,mathisbrandon866,Ropa_1_expert,170
mathisbrandon866,mathisbrandon866,Ropa_2_without,408
elizabeth65867,elizabeth65867,Ropa_1_value,787
elizabeth65867,elizabeth65867,Ropa_2_some,98
walkercorey868,walkercorey868,Ropa_1_worker,913
walkercorey868,walkercorey868,Ropa_2_test,581
john60869,john60869,Ropa_0_worker,211
john60869,john60869,Ropa_2_shake,360
colemanjudy870,colemanjudy870,Ropa_0_know,904
colemanjudy870,colemanjudy870,Ropa_1_individual,688
lisahurst871,lisahurst871,Ropa_0_himself,325
lisahurst871,lisahurst871,Ropa_1_southern,444
lisahurst871,lisahurst871,Ropa_2_speak,948
ccross872,ccross872,Ropa_0_view,967
cabrerarebecca873,cabrerarebecca873,Ropa_0_shake,650
bowmanandrea874,bowmanandrea874,Ropa_0_brother,698
bowmanandrea874,bowmanandrea874,Ropa_1_should,431
nicholaswolf875,nicholaswolf875,Ropa_1_money,593
angela31876,angela31876,Ropa_1_rate,941
angela31876,angela31876,Ropa_2_expert,432
timothygill877,timothygill877,Ropa_0_six,486
timothygill877,timothygill877,Ropa_1_leave,744
timothygill877,timothygill877,Ropa_2_nothing,172
lisa15878,lisa15878,Ropa_1_feel,631
lisa15878,lisa15878,Ropa_2_stage,642
buckleyjoshua879,buckleyjoshua879,Ropa_0_security,820
meghanross880,meghanross880,Ropa_0_group,257
meghanross880,meghanross880,Ropa_1_ago,278
meghanross880,meghanross880,Ropa_2_industry,130
tbrandt881,tbrandt881,Ropa_0_artist,939
tbrandt881,tbrandt881,Ropa_1_one,122
tbrandt881,tbrandt881,Ropa_2_large,330
kennethnewman882,kennethnewman882,Ropa_0_model,491
kennethnewman882,kennethnewman882,Ropa_1_somebody,370
kennethnewman882,kennethnewman882,Ropa_2_next,900
brooksvirginia883,brooksvirginia883,Ropa_0_candidate,478
brooksvirginia883,brooksvirginia883,Ropa_1_care,347
brooksvirginia883,brooksvirginia883,Ropa_2_season,665
austinbonnie884,austinbonnie884,Ropa_0_within,163
austinbonnie884,austinbonnie884,Ropa_1_century,177
austinbonnie884,austinbonnie884,Ropa_2_control,539
stephencrawford885,stephencrawford885,Ropa_0_decision,733
stephencrawford885,stephencrawford885,Ropa_2_later,26
howilliam886,howilliam886,Ropa_0_gas,658
howilliam886,howilliam886,Ropa_1_him,807
howilliam886,howilliam886,Ropa_2_standard,811
higginsshawn887,higginsshawn887,Ropa_0_issue,883
higginsshawn887,higginsshawn887,Ropa_2_thousand,277
ramseydrew888,ramseydrew888,Ropa_0_line,517
ramseydrew888,ramseydrew888,Ropa_1_past,232
ramseydrew888,ramseydrew888,Ropa_2_end,984
christensenwilliam889,christensenwilliam889,Ropa_0_treat,521
faguilar890,faguilar890,Ropa_0_business,58
faguilar890,faguilar890,Ropa_1_develop,858
brockjohn891,brockjohn891,Ropa_0_drug,377
brockjohn891,brockjohn891,Ropa_1_center,123
calebcraig892,calebcraig892,Ropa_0_her,293
calebcraig892,calebcraig892,Ropa_2_prevent,521
melissaburgess893,melissaburgess893,Ropa_1_order,696
melissaburgess893,melissaburgess893,Ropa_2_sea,533
steven25894,steven25894,Ropa_1_business,346
steven25894,steven25894,Ropa_2_both,216
qhenderson895,qhenderson895,Ropa_0_agree,29
qhenderson895,qhenderson895,Ropa_1_tree,369
qhenderson895,qhenderson895,Ropa_2_myself,971
bryanfields896,bryanfields896,Ropa_1_community,758
michael88897,michael88897,Ropa_0_travel,512
michael88897,michael88897,Ropa_2_history,254
johnathancannon898,johnathancannon898,Ropa_1_memory,777
johnathancannon898,johnathancannon898,Ropa_2_necessary,104
sierramartin899,sierramartin899,Ropa_0_father,893
hharris900,hharris900,Ropa_0_drug,463
hharris900,hharris900,Ropa_1_collection,823
jennydonaldson901,jennydonaldson901,Ropa_0_choose,803
jennydonaldson901,jennydonaldson901,Ropa_1_job,771
jennydonaldson901,jennydonaldson901,Ropa_2_poor,319
qjones902,qjones902,Ropa_0_particularly,13
qjones902,qjones902,Ropa_1_out,644
qjones902,qjones902,Ropa_2_major,834
jamesmarshall903,jamesmarshall903,Ropa_0_long,322
jamesmarshall903,jamesmarshall903,Ropa_1_try,208
jamesmarshall903,jamesmarshall903,Ropa_2_trouble,803
brandonsmith904,brandonsmith904,Ropa_0_organization,295
brandonsmith904,brandonsmith904,Ropa_1_difficult,846
brandonsmith904,brandonsmith904,Ropa_2_seven,974
lhall905,lhall905,Ropa_0_woman,330
lhall905,lhall905,Ropa_1_should,285
holmespaul906,holmespaul906,Ropa_0_fact,279
holmespaul906,holmespaul906,Ropa_1_per,440
holmespaul906,holmespaul906,Ropa_2_federal,460
marybaker907,marybaker907,Ropa_0_everybody,875
marybaker907,marybaker907,Ropa_1_already,245
marybaker907,marybaker907,Ropa_2_degree,414
thomashess908,thomashess908,Ropa_0_today,876
alexandrasmith909,alexandrasmith909,Ropa_0_she,351
alexandrasmith909,alexandrasmith909,Ropa_2_food,95
cchavez910,cchavez910,Ropa_0_source,612
dwatkins911,dwatkins911,Ropa_0_war,310
dwatkins911,dwatkins911,Ropa_2_outside,535
stacy29912,stacy29912,Ropa_0_practice,449
stacy29912,stacy29912,Ropa_2_north,253
williamskelly913,williamskelly913,Ropa_0_thing,499
williamskelly913,williamskelly913,Ropa_2_end,414
jacqueline26914,jacqueline26914,Ropa_1_trip,950
jacqueline26914,jacqueline26914,Ropa_2_environment,114
ryan33916,ryan33916,Ropa_0_miss,494
ryan33916,ryan33916,Ropa_2_conference,154
christianjohns917,christianjohns917,Ropa_0_quality,847
christianjohns917,christianjohns917,Ropa_1_create,298
christianjohns917,christianjohns917,Ropa_2_if,499
ecantu918,ecantu918,Ropa_0_big,174
ecantu918,ecantu918,Ropa_1_go,667
ecantu918,ecantu918,Ropa_2_buy,583
jaime63919,jaime63919,Ropa_0_what,497
jaime63919,jaime63919,Ropa_1_sign,401
jaime63919,jaime63919,Ropa_2_red,987
cooperdavid920,cooperdavid920,Ropa_1_skin,908
matthewgriffin921,matthewgriffin921,Ropa_0_line,332
matthewgriffin921,matthewgriffin921,Ropa_1_federal,558
annamora922,annamora922,Ropa_2_get,306
ericaibarra923,ericaibarra923,Ropa_0_follow,132
ericaibarra923,ericaibarra923,Ropa_1_sometimes,310
ericaibarra923,ericaibarra923,Ropa_2_leave,903
walter78924,walter78924,Ropa_0_include,280
lawsonrobert925,lawsonrobert925,Ropa_0_hotel,493
lawsonrobert925,lawsonrobert925,Ropa_1_than,842
lawsonrobert925,lawsonrobert925,Ropa_2_respond,314
jasonrosario926,jasonrosario926,Ropa_1_who,195
jasonrosario926,jasonrosario926,Ropa_2_war,870
brianmartinez928,brianmartinez928,Ropa_0_realize,142
brianmartinez928,brianmartinez928,Ropa_1_tonight,840
brianmartinez928,brianmartinez928,Ropa_2_size,812
abigail83929,abigail83929,Ropa_0_memory,171
abigail83929,abigail83929,Ropa_1_wait,514
austinjoseph930,austinjoseph930,Ropa_0_scientist,582
austinjoseph930,austinjoseph930,Ropa_1_identify,454
austinjoseph930,austinjoseph930,Ropa_2_role,734
ubennett931,ubennett931,Ropa_1_way,17
thomasmolina932,thomasmolina932,Ropa_0_ago,916
thomasmolina932,thomasmolina932,Ropa_1_movement,372
thomasmolina932,thomasmolina932,Ropa_2_action,618
ladams933,ladams933,Ropa_1_big,992
ladams933,ladams933,Ropa_2_television,291
schroedermegan934,schroedermegan934,Ropa_0_kind,549
schroedermegan934,schroedermegan934,Ropa_1_probably,30
schroedermegan934,schroedermegan934,Ropa_2_though,733
csmith935,csmith935,Ropa_0_truth,672
csmith935,csmith935,Ropa_1_event,192
csmith935,csmith935,Ropa_2_stock,443
herringbriana936,herringbriana936,Ropa_0_success,148
brettrios937,brettrios937,Ropa_1_glass,109
brettrios937,brettrios937,Ropa_2_under,705
vking938,vking938,Ropa_1_rather,124
vking938,vking938,Ropa_2_pattern,130
john44939,john44939,Ropa_0_life,666
john44939,john44939,Ropa_2_reflect,208
olsonerika940,olsonerika940,Ropa_0_evening,462
olsonerika940,olsonerika940,Ropa_1_which,916
olsonerika940,olsonerika940,Ropa_2_care,885
martinezvalerie941,martinezvalerie941,Ropa_2_beat,999
tsanchez942,tsanchez942,Ropa_0_person,760
jeromejohnson943,jeromejohnson943,Ropa_0_send,891
jeromejohnson943,jeromejohnson943,Ropa_2_high,538
michaelmarshall944,michaelmarshall944,Ropa_0_certainly,154
michaelmarshall944,michaelmarshall944,Ropa_1_somebody,46
joseph97945,joseph97945,Ropa_0_could,806
joseph97945,joseph97945,Ropa_1_best,529
joseph97945,joseph97945,Ropa_2_such,639
juliabeltran946,juliabeltran946,Ropa_0_leader,729
juliabeltran946,juliabeltran946,Ropa_1_speech,707
juliabeltran946,juliabeltran946,Ropa_2_painting,740
hadams947,hadams947,Ropa_2_production,23
kmeyer948,kmeyer948,Ropa_0_bed,156
kmeyer948,kmeyer948,Ropa_1_someone,308
kmeyer948,kmeyer948,Ropa_2_news,775
dorseymichael949,dorseymichael949,Ropa_1_indicate,263
ysims950,ysims950,Ropa_1_class,518
ysims950,ysims950,Ropa_2_strong,116
gdavid951,gdavid951,Ropa_0_organization,218
gdavid951,gdavid951,Ropa_1_ability,589
gdavid951,gdavid951,Ropa_2_federal,534
murphymitchell952,murphymitchell952,Ropa_0_half,626
murphymitchell952,murphymitchell952,Ropa_2_structure,105
charles29953,charles29953,Ropa_0_ask,469
charles29953,charles29953,Ropa_1_article,63
ashley09954,ashley09954,Ropa_1_collection,113
ashley09954,ashley09954,Ropa_2_tough,563
thomasmelissa955,thomasmelissa955,Ropa_2_region,993
donnahaynes956,donnahaynes956,Ropa_1_again,247
donnahaynes956,donnahaynes956,Ropa_2_exactly,611
ynelson957,ynelson957,Ropa_1_nice,11
ynelson957,ynelson957,Ropa_2_country,934
jose40958,jose40958,Ropa_0_shake,550
fostertaylor959,fostertaylor959,Ropa_0_animal,898
fostertaylor959,fostertaylor959,Ropa_1_why,853
fostertaylor959,fostertaylor959,Ropa_2_out,974
victoria05960,victoria05960,Ropa_0_food,765
rhonda48961,rhonda48961,Ropa_1_story,28
rhonda48961,rhonda48961,Ropa_2_play,221
catherine74962,catherine74962,Ropa_1_crime,865
catherine74962,catherine74962,Ropa_2_this,146
evansjessica963,evansjessica963,Ropa_0_your,612
evansjessica963,evansjessica963,Ropa_1_account,733
williamchoi964,williamchoi964,Ropa_1_build,507
freemankathleen965,freemankathleen965,Ropa_1_four,115
freemankathleen965,freemankathleen965,Ropa_2_region,580
jeffrey87966,jeffrey87966,Ropa_2_sense,803
creid967,creid967,Ropa_0_future,615
creid967,creid967,Ropa_1_serve,886
creid967,creid967,Ropa_2_our,113
michelle52968,michelle52968,Ropa_2_reality,429
youngaaron969,youngaaron969,Ropa_0_necessary,679
youngaaron969,youngaaron969,Ropa_1_beyond,24
youngaaron969,youngaaron969,Ropa_2_property,753
clifford13970,clifford13970,Ropa_0_early,62
meyerskimberly971,meyerskimberly971,Ropa_0_it,634
meyerskimberly971,meyerskimberly971,Ropa_1_decision,495
michael81972,michael81972,Ropa_1_action,460
michael81972,michael81972,Ropa_2_fast,597
matthewrodriguez973,matthewrodriguez973,Ropa_0_ok,996
matthewrodriguez973,matthewrodriguez973,Ropa_1_east,204
lindamoses974,lindamoses974,Ropa_0_prove,733
lindamoses974,lindamoses974,Ropa_2_raise,954
ftucker975,ftucker975,Ropa_0_edge,118
ftucker975,ftucker975,Ropa_2_long,804
morrismelissa976,morrismelissa976,Ropa_1_condition,57
justinjones977,justinjones977,Ropa_0_four,168
justinjones977,justinjones977,Ropa_1_as,496
justinjones977,justinjones977,Ropa_2_interesting,570
samantha05978,samantha05978,Ropa_0_least,169
samantha05978,samantha05978,Ropa_1_special,255
samantha05978,samantha05978,Ropa_2_concern,532
jamessmith979,jamessmith979,Ropa_1_environment,529
jamessmith979,jamessmith979,Ropa_2_yeah,365
darrendaniels980,darrendaniels980,Ropa_2_anyone,909
pettyjames981,pettyjames981,Ropa_2_low,511
panderson982,panderson982,Ropa_0_popular,963
panderson982,panderson982,Ropa_2_common,272
tavery983,tavery983,Ropa_0_near,372
tavery983,tavery983,Ropa_2_suggest,597
amanda87984,amanda87984,Ropa_1_fill,700
amanda87984,amanda87984,Ropa_2_woman,965
igreen985,igreen985,Ropa_0_born,223
igreen985,igreen985,Ropa_1_few,609
igreen985,igreen985,Ropa_2_front,759
marvin26986,marvin26986,Ropa_1_foreign,896
marvin26986,marvin26986,Ropa_2_eye,399
qmorgan987,qmorgan987,Ropa_1_apply,44
erinwilliams988,erinwilliams988,Ropa_0_evening,139
williemartinez989,williemartinez989,Ropa_0_talk,245
williemartinez989,williemartinez989,Ropa_1_national,260
williemartinez989,williemartinez989,Ropa_2_surface,342
timothy96990,timothy96990,Ropa_0_bar,302
tina25991,tina25991,Ropa_0_young,567
tina25991,tina25991,Ropa_1_worker,271
gary04992,gary04992,Ropa_0_major,905
gary04992,gary04992,Ropa_2_add,817
austin58993,austin58993,Ropa_0_how,525
austin58993,austin58993,Ropa_1_turn,169
austin58993,austin58993,Ropa_2_laugh,599
fbrown994,fbrown994,Ropa_0_per,62
fbrown994,fbrown994,Ropa_1_nice,899
russellrosales996,russellrosales996,Ropa_0_in,965
russellrosales996,russellrosales996,Ropa_2_blood,156
mitchell32997,mitchell32997,Ropa_1_stop,641
mitchell32997,mitchell32997,Ropa_2_all,68
wayne07998,wayne07998,Ropa_0_others,652
wayne07998,wayne07998,Ropa_1_forget,291
wayne07998,wayne07998,Ropa_2_pretty,413
smurillo999,smurillo999,Ropa_0_social,858
smurillo999,smurillo999,Ropa_2_start,607
